url,genre
https://www.rottentomatoes.com/m/black_panther_2018,Action&Adventure
https://www.rottentomatoes.com/m/avengers_endgame,Action&Adventure
https://www.rottentomatoes.com/m/mission_impossible_fallout,Action&Adventure
https://www.rottentomatoes.com/m/spider_man_into_the_spider_verse,Action&Adventure
https://www.rottentomatoes.com/m/mad_max_fury_road,Action&Adventure
https://www.rottentomatoes.com/m/wonder_woman_2017,Action&Adventure
https://www.rottentomatoes.com/m/coco_2017,Action&Adventure
https://www.rottentomatoes.com/m/dunkirk_2017,Action&Adventure
https://www.rottentomatoes.com/m/thor_ragnarok_2017,Action&Adventure
https://www.rottentomatoes.com/m/logan_2017,Action&Adventure
https://www.rottentomatoes.com/m/star_wars_the_last_jedi,Action&Adventure
https://www.rottentomatoes.com/m/1011615-king_kong,Action&Adventure
https://www.rottentomatoes.com/m/star_wars_episode_vii_the_force_awakens,Action&Adventure
https://www.rottentomatoes.com/m/1000355-adventures_of_robin_hood,Action&Adventure
https://www.rottentomatoes.com/m/spider_man_far_from_home,Action&Adventure
https://www.rottentomatoes.com/m/incredibles_2,Action&Adventure
https://www.rottentomatoes.com/m/zootopia,Action&Adventure
https://www.rottentomatoes.com/m/war_for_the_planet_of_the_apes,Action&Adventure
https://www.rottentomatoes.com/m/spider_man_homecoming,Action&Adventure
https://www.rottentomatoes.com/m/seven_samurai_1956,Action&Adventure
https://www.rottentomatoes.com/m/1013775-metropolis,Action&Adventure
https://www.rottentomatoes.com/m/baby_driver,Action&Adventure
https://www.rottentomatoes.com/m/shazam,Action&Adventure
https://www.rottentomatoes.com/m/up,Action&Adventure
https://www.rottentomatoes.com/m/jaws,Action&Adventure
https://www.rottentomatoes.com/m/captain_america_civil_war,Action&Adventure
https://www.rottentomatoes.com/m/lawrence_of_arabia,Action&Adventure
https://www.rottentomatoes.com/m/1000121-39_steps,Action&Adventure
https://www.rottentomatoes.com/m/the_dark_knight,Action&Adventure
https://www.rottentomatoes.com/m/treasure_of_the_sierra_madre,Action&Adventure
https://www.rottentomatoes.com/m/blade_runner_2049,Action&Adventure
https://www.rottentomatoes.com/m/the_jungle_book_2016,Action&Adventure
https://www.rottentomatoes.com/m/apocalypse_now,Action&Adventure
https://www.rottentomatoes.com/m/harry_potter_and_the_deathly_hallows_part_2_2011,Action&Adventure
https://www.rottentomatoes.com/m/skyfall,Action&Adventure
https://www.rottentomatoes.com/m/the_hurt_locker,Action&Adventure
https://www.rottentomatoes.com/m/1019774-stagecoach,Action&Adventure
https://www.rottentomatoes.com/m/moana_2016,Action&Adventure
https://www.rottentomatoes.com/m/the_lego_movie,Action&Adventure
https://www.rottentomatoes.com/m/avengers_infinity_war,Action&Adventure
https://www.rottentomatoes.com/m/star_trek_11,Action&Adventure
https://www.rottentomatoes.com/m/ant_man_and_the_wasp,Action&Adventure
https://www.rottentomatoes.com/m/marvels_the_avengers,Action&Adventure
https://www.rottentomatoes.com/m/goldfinger,Action&Adventure
https://www.rottentomatoes.com/m/isle_of_dogs_2018,Action&Adventure
https://www.rottentomatoes.com/m/mission_impossible_rogue_nation,Action&Adventure
https://www.rottentomatoes.com/m/star_wars,Action&Adventure
https://www.rottentomatoes.com/m/kubo_and_the_two_strings_2016,Action&Adventure
https://www.rottentomatoes.com/m/john_wick_chapter_3_parabellum,Action&Adventure
https://www.rottentomatoes.com/m/the_african_queen_1951,Action&Adventure
https://www.rottentomatoes.com/m/wall_e,Action&Adventure
https://www.rottentomatoes.com/m/terminator,Action&Adventure
https://www.rottentomatoes.com/m/rio_bravo,Action&Adventure
https://www.rottentomatoes.com/m/the_peanut_butter_falcon,Action&Adventure
https://www.rottentomatoes.com/m/iron_man,Action&Adventure
https://www.rottentomatoes.com/m/french_connection,Action&Adventure
https://www.rottentomatoes.com/m/badlands,Action&Adventure
https://www.rottentomatoes.com/m/guardians_of_the_galaxy,Action&Adventure
https://www.rottentomatoes.com/m/true_grit_2010,Action&Adventure
https://www.rottentomatoes.com/m/1000617-aliens,Action&Adventure
https://www.rottentomatoes.com/m/searchers,Action&Adventure
https://www.rottentomatoes.com/m/casino_royale,Action&Adventure
https://www.rottentomatoes.com/m/doctor_strange_2016,Action&Adventure
https://www.rottentomatoes.com/m/empire_strikes_back,Action&Adventure
https://www.rottentomatoes.com/m/1031278-gun_crazy,Action&Adventure
https://www.rottentomatoes.com/m/ran,Action&Adventure
https://www.rottentomatoes.com/m/hunt_for_the_wilderpeople,Action&Adventure
https://www.rottentomatoes.com/m/paths_of_glory,Action&Adventure
https://www.rottentomatoes.com/m/bridge_on_the_river_kwai,Action&Adventure
https://www.rottentomatoes.com/m/x_men_days_of_future_past,Action&Adventure
https://www.rottentomatoes.com/m/princess_bride,Action&Adventure
https://www.rottentomatoes.com/m/chicken_run,Action&Adventure
https://www.rottentomatoes.com/m/all_is_lost_2013,Action&Adventure
https://www.rottentomatoes.com/m/1043378-stalker,Action&Adventure
https://www.rottentomatoes.com/m/the_lego_batman_movie,Action&Adventure
https://www.rottentomatoes.com/m/beatles_the_yellow_submarine,Action&Adventure
https://www.rottentomatoes.com/m/looper,Action&Adventure
https://www.rottentomatoes.com/m/no_country_for_old_men,Action&Adventure
https://www.rottentomatoes.com/m/guardians_of_the_galaxy_vol_2,Action&Adventure
https://www.rottentomatoes.com/m/captain_marvel,Action&Adventure
https://www.rottentomatoes.com/m/ghostbusters,Action&Adventure
https://www.rottentomatoes.com/m/fistful_of_dollars,Action&Adventure
https://www.rottentomatoes.com/m/dawn_of_the_planet_of_the_apes,Action&Adventure
https://www.rottentomatoes.com/m/1029042-henry_v,Action&Adventure
https://www.rottentomatoes.com/m/sicario_2015,Action&Adventure
https://www.rottentomatoes.com/m/the_lord_of_the_rings_the_two_towers,Action&Adventure
https://www.rottentomatoes.com/m/back_to_the_future,Action&Adventure
https://www.rottentomatoes.com/m/1001280-assault_on_precinct_13,Action&Adventure
https://www.rottentomatoes.com/m/aguirre_the_wrath_of_god,Action&Adventure
https://www.rottentomatoes.com/m/captain_america_the_winter_soldier_2014,Action&Adventure
https://www.rottentomatoes.com/m/apollo_13,Action&Adventure
https://www.rottentomatoes.com/m/1014481-mutiny_on_the_bounty,Action&Adventure
https://www.rottentomatoes.com/m/crouching_tiger_hidden_dragon,Action&Adventure
https://www.rottentomatoes.com/m/1046129-fugitive,Action&Adventure
https://www.rottentomatoes.com/m/the_lion_king,Action&Adventure
https://www.rottentomatoes.com/m/godzilla_1956,Action&Adventure
https://www.rottentomatoes.com/m/mission_impossible_ghost_protocol,Action&Adventure
https://www.rottentomatoes.com/m/catch_me_if_you_can,Action&Adventure
https://www.rottentomatoes.com/m/jurassic_park,Action&Adventure
https://www.rottentomatoes.com/m/once_upon_a_time_in_the_west,Action&Adventure
https://www.rottentomatoes.com/m/toy_story_4,Animation
https://www.rottentomatoes.com/m/spider_man_into_the_spider_verse,Animation
https://www.rottentomatoes.com/m/inside_out_2015,Animation
https://www.rottentomatoes.com/m/coco_2017,Animation
https://www.rottentomatoes.com/m/1048445-snow_white_and_the_seven_dwarfs,Animation
https://www.rottentomatoes.com/m/paddington_2,Animation
https://www.rottentomatoes.com/m/incredibles_2,Animation
https://www.rottentomatoes.com/m/zootopia,Animation
https://www.rottentomatoes.com/m/up,Animation
https://www.rottentomatoes.com/m/toy_story_2,Animation
https://www.rottentomatoes.com/m/pinocchio_1940,Animation
https://www.rottentomatoes.com/m/toy_story_3,Animation
https://www.rottentomatoes.com/m/finding_dory,Animation
https://www.rottentomatoes.com/m/finding_nemo,Animation
https://www.rottentomatoes.com/m/moana_2016,Animation
https://www.rottentomatoes.com/m/the_lego_movie,Animation
https://www.rottentomatoes.com/m/toy_story,Animation
https://www.rottentomatoes.com/m/isle_of_dogs_2018,Animation
https://www.rottentomatoes.com/m/kubo_and_the_two_strings_2016,Animation
https://www.rottentomatoes.com/m/how_to_train_your_dragon,Animation
https://www.rottentomatoes.com/m/shaun_the_sheep_movie,Animation
https://www.rottentomatoes.com/m/wall_e,Animation
https://www.rottentomatoes.com/m/dumbo,Animation
https://www.rottentomatoes.com/m/ratatouille,Animation
https://www.rottentomatoes.com/m/my_life_as_a_zucchini,Animation
https://www.rottentomatoes.com/m/incredibles,Animation
https://www.rottentomatoes.com/m/only_yesterday_1991,Animation
https://www.rottentomatoes.com/m/101_dalmatians,Animation
https://www.rottentomatoes.com/m/chicken_run,Animation
https://www.rottentomatoes.com/m/beauty_and_the_beast_1991,Animation
https://www.rottentomatoes.com/m/the_lego_batman_movie,Animation
https://www.rottentomatoes.com/m/beatles_the_yellow_submarine,Animation
https://www.rottentomatoes.com/m/nightmare_before_christmas,Animation
https://www.rottentomatoes.com/m/fantasia,Animation
https://www.rottentomatoes.com/m/monsters_inc,Animation
https://www.rottentomatoes.com/m/iron_giant,Animation
https://www.rottentomatoes.com/m/anomalisa,Animation
https://www.rottentomatoes.com/m/spirited_away,Animation
https://www.rottentomatoes.com/m/your_name_2017,Animation
https://www.rottentomatoes.com/m/tower_2016,Animation
https://www.rottentomatoes.com/m/song_of_the_sea_2014,Animation
https://www.rottentomatoes.com/m/the_lion_king,Animation
https://www.rottentomatoes.com/m/who_framed_roger_rabbit,Animation
https://www.rottentomatoes.com/m/how_to_train_your_dragon_the_hidden_world,Animation
https://www.rottentomatoes.com/m/waltz_with_bashir,Animation
https://www.rottentomatoes.com/m/persepolis,Animation
https://www.rottentomatoes.com/m/wallace_and_gromit_curse_of_the_wererabbit,Animation
https://www.rottentomatoes.com/m/kikis_delivery_service,Animation
https://www.rottentomatoes.com/m/grave_of_the_fireflies,Animation
https://www.rottentomatoes.com/m/disneys_aladdin,Animation
https://www.rottentomatoes.com/m/the_secret_world_of_arrietty,Animation
https://www.rottentomatoes.com/m/1197696-fantastic_mr_fox,Animation
https://www.rottentomatoes.com/m/ralph_breaks_the_internet,Animation
https://www.rottentomatoes.com/m/frozen_2013,Animation
https://www.rottentomatoes.com/m/ernest_and_celestine,Animation
https://www.rottentomatoes.com/m/the_red_turtle,Animation
https://www.rottentomatoes.com/m/long_way_north,Animation
https://www.rottentomatoes.com/m/i_lost_my_body,Animation
https://www.rottentomatoes.com/m/coraline,Animation
https://www.rottentomatoes.com/m/the_breadwinner,Animation
https://www.rottentomatoes.com/m/ghost_in_the_shell,Animation
https://www.rottentomatoes.com/m/the_little_mermaid_1989,Animation
https://www.rottentomatoes.com/m/lady_and_the_tramp,Animation
https://www.rottentomatoes.com/m/how_to_train_your_dragon_2,Animation
https://www.rottentomatoes.com/m/the_triplets_of_belleville,Animation
https://www.rottentomatoes.com/m/big_hero_6,Animation
https://www.rottentomatoes.com/m/bambi,Animation
https://www.rottentomatoes.com/m/the_lego_movie_2_the_second_part,Animation
https://www.rottentomatoes.com/m/princess_mononoke_1999,Animation
https://www.rottentomatoes.com/m/my_neighbor_totoro,Animation
https://www.rottentomatoes.com/m/ponyo,Animation
https://www.rottentomatoes.com/m/antz,Animation
https://www.rottentomatoes.com/m/arthur_christmas,Animation
https://www.rottentomatoes.com/m/bugs_life,Animation
https://www.rottentomatoes.com/m/1209767-mary_and_max,Animation
https://www.rottentomatoes.com/m/klaus,Animation
https://www.rottentomatoes.com/m/teen_titans_go_to_the_movies,Animation
https://www.rottentomatoes.com/m/missing_link_2019,Animation
https://www.rottentomatoes.com/m/bolt,Animation
https://www.rottentomatoes.com/m/shrek_2,Animation
https://www.rottentomatoes.com/m/tangled,Animation
https://www.rottentomatoes.com/m/simpsons_movie,Animation
https://www.rottentomatoes.com/m/frankenweenie_2012,Animation
https://www.rottentomatoes.com/m/james_and_the_giant_peach,Animation
https://www.rottentomatoes.com/m/shrek,Animation
https://www.rottentomatoes.com/m/rango,Animation
https://www.rottentomatoes.com/m/the_wind_rises,Animation
https://www.rottentomatoes.com/m/winnie_the_pooh_2011,Animation
https://www.rottentomatoes.com/m/paranorman,Animation
https://www.rottentomatoes.com/m/the_illusionist-2009,Animation
https://www.rottentomatoes.com/m/boy_and_the_world,Animation
https://www.rottentomatoes.com/m/the_peanuts_movie,Animation
https://www.rottentomatoes.com/m/when_marnie_was_there,Animation
https://www.rottentomatoes.com/m/millennium_actress_2001,Animation
https://www.rottentomatoes.com/m/1019187-sleeping_beauty,Animation
https://www.rottentomatoes.com/m/kung_fu_panda,Animation
https://www.rottentomatoes.com/m/wreck_it_ralph,Animation
https://www.rottentomatoes.com/m/kung_fu_panda_3,Animation
https://www.rottentomatoes.com/m/tarzan,Animation
https://www.rottentomatoes.com/m/akira,Animation
https://www.rottentomatoes.com/m/the_cabinet_of_dr_caligari,ArtHouse&International
https://www.rottentomatoes.com/m/la_grande_illusion,ArtHouse&International
https://www.rottentomatoes.com/m/nosferatu,ArtHouse&International
https://www.rottentomatoes.com/m/the_battle_of_algiers,ArtHouse&International
https://www.rottentomatoes.com/m/1012928-m,ArtHouse&International
https://www.rottentomatoes.com/m/seven_samurai_1956,ArtHouse&International
https://www.rottentomatoes.com/m/1013775-metropolis,ArtHouse&International
https://www.rottentomatoes.com/m/shoplifters,ArtHouse&International
https://www.rottentomatoes.com/m/400_blows,ArtHouse&International
https://www.rottentomatoes.com/m/army_of_shadows,ArtHouse&International
https://www.rottentomatoes.com/m/rashomon,ArtHouse&International
https://www.rottentomatoes.com/m/tokyo_story,ArtHouse&International
https://www.rottentomatoes.com/m/wages_of_fear,ArtHouse&International
https://www.rottentomatoes.com/m/battleship_potemkin,ArtHouse&International
https://www.rottentomatoes.com/m/open_city,ArtHouse&International
https://www.rottentomatoes.com/m/the_umbrellas_of_cherbourg_1964,ArtHouse&International
https://www.rottentomatoes.com/m/passion_of_joan_of_arc,ArtHouse&International
https://www.rottentomatoes.com/m/the_conformist,ArtHouse&International
https://www.rottentomatoes.com/m/let_the_right_one_in,ArtHouse&International
https://www.rottentomatoes.com/m/dolce_vita,ArtHouse&International
https://www.rottentomatoes.com/m/balthazar,ArtHouse&International
https://www.rottentomatoes.com/m/discreet_charm_of_the_bourgeoisie,ArtHouse&International
https://www.rottentomatoes.com/m/faces_places,ArtHouse&International
https://www.rottentomatoes.com/m/my_life_as_a_zucchini,ArtHouse&International
https://www.rottentomatoes.com/m/a_separation_2011,ArtHouse&International
https://www.rottentomatoes.com/m/things_to_come_2016,ArtHouse&International
https://www.rottentomatoes.com/m/pather_panchali,ArtHouse&International
https://www.rottentomatoes.com/m/the_salesman_2017,ArtHouse&International
https://www.rottentomatoes.com/m/only_yesterday_1991,ArtHouse&International
https://www.rottentomatoes.com/m/tampopo,ArtHouse&International
https://www.rottentomatoes.com/m/8-12,ArtHouse&International
https://www.rottentomatoes.com/m/ran,ArtHouse&International
https://www.rottentomatoes.com/m/gloria_2012,ArtHouse&International
https://www.rottentomatoes.com/m/eyes_without_a_face_1962,ArtHouse&International
https://www.rottentomatoes.com/m/ikiru,ArtHouse&International
https://www.rottentomatoes.com/m/1002681-blue_angel,ArtHouse&International
https://www.rottentomatoes.com/m/the_leopard_1963,ArtHouse&International
https://www.rottentomatoes.com/m/children_of_paradise,ArtHouse&International
https://www.rottentomatoes.com/m/a_fantastic_woman,ArtHouse&International
https://www.rottentomatoes.com/m/amy_2015,ArtHouse&International
https://www.rottentomatoes.com/m/1058966-red,ArtHouse&International
https://www.rottentomatoes.com/m/1043378-stalker,ArtHouse&International
https://www.rottentomatoes.com/m/the_tale_of_the_princess_kaguya,ArtHouse&International
https://www.rottentomatoes.com/m/the_rules_of_the_game,ArtHouse&International
https://www.rottentomatoes.com/m/burning_2018,ArtHouse&International
https://www.rottentomatoes.com/m/bpm,ArtHouse&International
https://www.rottentomatoes.com/m/sing_street,ArtHouse&International
https://www.rottentomatoes.com/m/le_cercle_rouge,ArtHouse&International
https://www.rottentomatoes.com/m/gods_own_country_2017,ArtHouse&International
https://www.rottentomatoes.com/m/playtime,ArtHouse&International
https://www.rottentomatoes.com/m/fistful_of_dollars,ArtHouse&International
https://www.rottentomatoes.com/m/loveless_2018,ArtHouse&International
https://www.rottentomatoes.com/m/the_young_girls_of_rochefort,ArtHouse&International
https://www.rottentomatoes.com/m/gett_the_trial_of_viviane_amsalem,ArtHouse&International
https://www.rottentomatoes.com/m/wings_of_desire,ArtHouse&International
https://www.rottentomatoes.com/m/aguirre_the_wrath_of_god,ArtHouse&International
https://www.rottentomatoes.com/m/timbuktu_2015,ArtHouse&International
https://www.rottentomatoes.com/m/crouching_tiger_hidden_dragon,ArtHouse&International
https://www.rottentomatoes.com/m/toni_erdmann,ArtHouse&International
https://www.rottentomatoes.com/m/jiro_dreams_of_sushi,ArtHouse&International
https://www.rottentomatoes.com/m/border_2018,ArtHouse&International
https://www.rottentomatoes.com/m/godzilla_1956,ArtHouse&International
https://www.rottentomatoes.com/m/1216014-still_walking,ArtHouse&International
https://www.rottentomatoes.com/m/all_about_my_mother,ArtHouse&International
https://www.rottentomatoes.com/m/poetry_2010,ArtHouse&International
https://www.rottentomatoes.com/m/the_bands_visit,ArtHouse&International
https://www.rottentomatoes.com/m/the_taste_of_others,ArtHouse&International
https://www.rottentomatoes.com/m/solaris_1976,ArtHouse&International
https://www.rottentomatoes.com/m/1213205-prophet,ArtHouse&International
https://www.rottentomatoes.com/m/waste-land,ArtHouse&International
https://www.rottentomatoes.com/m/elevator_to_the_gallows,ArtHouse&International
https://www.rottentomatoes.com/m/waltz_with_bashir,ArtHouse&International
https://www.rottentomatoes.com/m/transit_2018,ArtHouse&International
https://www.rottentomatoes.com/m/afghan_star,ArtHouse&International
https://www.rottentomatoes.com/m/three_colors_blue,ArtHouse&International
https://www.rottentomatoes.com/m/embrace_of_the_serpent,ArtHouse&International
https://www.rottentomatoes.com/m/amour_2013,ArtHouse&International
https://www.rottentomatoes.com/m/after_the_storm_2017,ArtHouse&International
https://www.rottentomatoes.com/m/the_vanishing,ArtHouse&International
https://www.rottentomatoes.com/m/seventh_seal,ArtHouse&International
https://www.rottentomatoes.com/m/project_nim,ArtHouse&International
https://www.rottentomatoes.com/m/about_elly,ArtHouse&International
https://www.rottentomatoes.com/m/fireworks_wednesday,ArtHouse&International
https://www.rottentomatoes.com/m/monsieur_lazhar_2011,ArtHouse&International
https://www.rottentomatoes.com/m/last_train_home-2009,ArtHouse&International
https://www.rottentomatoes.com/m/hero,ArtHouse&International
https://www.rottentomatoes.com/m/maria_full_of_grace,ArtHouse&International
https://www.rottentomatoes.com/m/the_class,ArtHouse&International
https://www.rottentomatoes.com/m/throne_of_blood,ArtHouse&International
https://www.rottentomatoes.com/m/the_look_of_silence,ArtHouse&International
https://www.rottentomatoes.com/m/nostalgia_for_the_light,ArtHouse&International
https://www.rottentomatoes.com/m/my_left_foot,ArtHouse&International
https://www.rottentomatoes.com/m/mafioso_1964,ArtHouse&International
https://www.rottentomatoes.com/m/grave_of_the_fireflies,ArtHouse&International
https://www.rottentomatoes.com/m/moolaade,ArtHouse&International
https://www.rottentomatoes.com/m/the_kid_with_a_bike,ArtHouse&International
https://www.rottentomatoes.com/m/rivers_and_tides_andy_goldsworthy_working_with_time,ArtHouse&International
https://www.rottentomatoes.com/m/twilight_samurai,ArtHouse&International
https://www.rottentomatoes.com/m/man_without_a_past,ArtHouse&International
https://www.rottentomatoes.com/m/the_secret_world_of_arrietty,ArtHouse&International
https://www.rottentomatoes.com/m/the_wizard_of_oz_1939,Classics
https://www.rottentomatoes.com/m/citizen_kane,Classics
https://www.rottentomatoes.com/m/the_cabinet_of_dr_caligari,Classics
https://www.rottentomatoes.com/m/1003707-casablanca,Classics
https://www.rottentomatoes.com/m/modern_times,Classics
https://www.rottentomatoes.com/m/the_third_man,Classics
https://www.rottentomatoes.com/m/1052609-kid,Classics
https://www.rottentomatoes.com/m/it_happened_one_night,Classics
https://www.rottentomatoes.com/m/1048445-snow_white_and_the_seven_dwarfs,Classics
https://www.rottentomatoes.com/m/la_grande_illusion,Classics
https://www.rottentomatoes.com/m/singin_in_the_rain,Classics
https://www.rottentomatoes.com/m/1000626-all_about_eve,Classics
https://www.rottentomatoes.com/m/1018688-shadow_of_a_doubt,Classics
https://www.rottentomatoes.com/m/1011615-king_kong,Classics
https://www.rottentomatoes.com/m/1000355-adventures_of_robin_hood,Classics
https://www.rottentomatoes.com/m/1012007-laura,Classics
https://www.rottentomatoes.com/m/nosferatu,Classics
https://www.rottentomatoes.com/m/sunset_boulevard,Classics
https://www.rottentomatoes.com/m/psycho,Classics
https://www.rottentomatoes.com/m/top_hat,Classics
https://www.rottentomatoes.com/m/beatles_a_hard_days_night,Classics
https://www.rottentomatoes.com/m/1017293-rebecca,Classics
https://www.rottentomatoes.com/m/philadelphia_story,Classics
https://www.rottentomatoes.com/m/seven_samurai_1956,Classics
https://www.rottentomatoes.com/m/north-by-northwest,Classics
https://www.rottentomatoes.com/m/1013775-metropolis,Classics
https://www.rottentomatoes.com/m/bride_of_frankenstein,Classics
https://www.rottentomatoes.com/m/1017289-rear_window,Classics
https://www.rottentomatoes.com/m/lady_eve,Classics
https://www.rottentomatoes.com/m/1020333-streetcar_named_desire,Classics
https://www.rottentomatoes.com/m/lawrence_of_arabia,Classics
https://www.rottentomatoes.com/m/on_the_waterfront,Classics
https://www.rottentomatoes.com/m/1000121-39_steps,Classics
https://www.rottentomatoes.com/m/chinatown,Classics
https://www.rottentomatoes.com/m/1000013-12_angry_men,Classics
https://www.rottentomatoes.com/m/400_blows,Classics
https://www.rottentomatoes.com/m/1011813-lady_vanishes,Classics
https://www.rottentomatoes.com/m/kind_hearts_and_coronets,Classics
https://www.rottentomatoes.com/m/dr_strangelove,Classics
https://www.rottentomatoes.com/m/treasure_of_the_sierra_madre,Classics
https://www.rottentomatoes.com/m/1007818-frankenstein,Classics
https://www.rottentomatoes.com/m/american_in_paris,Classics
https://www.rottentomatoes.com/m/1021749-touch_of_evil,Classics
https://www.rottentomatoes.com/m/1015002-night_at_the_opera,Classics
https://www.rottentomatoes.com/m/rashomon,Classics
https://www.rottentomatoes.com/m/1000642-all_quiet_on_the_western_front,Classics
https://www.rottentomatoes.com/m/his_girl_friday,Classics
https://www.rottentomatoes.com/m/the_gold_rush,Classics
https://www.rottentomatoes.com/m/vertigo,Classics
https://www.rottentomatoes.com/m/gone_with_the_wind,Classics
https://www.rottentomatoes.com/m/1002352-big_sleep,Classics
https://www.rottentomatoes.com/m/grapes_of_wrath,Classics
https://www.rottentomatoes.com/m/1019774-stagecoach,Classics
https://www.rottentomatoes.com/m/battleship_potemkin,Classics
https://www.rottentomatoes.com/m/last_picture_show,Classics
https://www.rottentomatoes.com/m/1017346-red_shoes,Classics
https://www.rottentomatoes.com/m/1018323-scarface,Classics
https://www.rottentomatoes.com/m/its_a_wonderful_life,Classics
https://www.rottentomatoes.com/m/1010678-invasion_of_the_body_snatchers,Classics
https://www.rottentomatoes.com/m/city_lights,Classics
https://www.rottentomatoes.com/m/goldfinger,Classics
https://www.rottentomatoes.com/m/cool_hand_luke,Classics
https://www.rottentomatoes.com/m/passion_of_joan_of_arc,Classics
https://www.rottentomatoes.com/m/anatomy-of-a-murder,Classics
https://www.rottentomatoes.com/m/best_years_of_our_lives,Classics
https://www.rottentomatoes.com/m/sweet_smell_of_success,Classics
https://www.rottentomatoes.com/m/freaks,Classics
https://www.rottentomatoes.com/m/to_be_or_not_to_be,Classics
https://www.rottentomatoes.com/m/the_african_queen_1951,Classics
https://www.rottentomatoes.com/m/rio_bravo,Classics
https://www.rottentomatoes.com/m/in_a_lonely_place,Classics
https://www.rottentomatoes.com/m/mary_poppins,Classics
https://www.rottentomatoes.com/m/french_connection,Classics
https://www.rottentomatoes.com/m/1015287-notorious,Classics
https://www.rottentomatoes.com/m/badlands,Classics
https://www.rottentomatoes.com/m/2001_a_space_odyssey,Classics
https://www.rottentomatoes.com/m/searchers,Classics
https://www.rottentomatoes.com/m/miracle_on_34th_street,Classics
https://www.rottentomatoes.com/m/night_of_the_living_dead,Classics
https://www.rottentomatoes.com/m/gentlemen_prefer_blondes,Classics
https://www.rottentomatoes.com/m/roman_holiday,Classics
https://www.rottentomatoes.com/m/1005371-day_the_earth_stood_still,Classics
https://www.rottentomatoes.com/m/1031278-gun_crazy,Classics
https://www.rottentomatoes.com/m/ran,Classics
https://www.rottentomatoes.com/m/rosemarys_baby,Classics
https://www.rottentomatoes.com/m/kiss_me_deadly,Classics
https://www.rottentomatoes.com/m/1002681-blue_angel,Classics
https://www.rottentomatoes.com/m/paths_of_glory,Classics
https://www.rottentomatoes.com/m/1013427-marty,Classics
https://www.rottentomatoes.com/m/the_leopard_1963,Classics
https://www.rottentomatoes.com/m/children_of_paradise,Classics
https://www.rottentomatoes.com/m/repulsion,Classics
https://www.rottentomatoes.com/m/101_dalmatians,Classics
https://www.rottentomatoes.com/m/bridge_on_the_river_kwai,Classics
https://www.rottentomatoes.com/m/1013227-manchurian_candidate,Classics
https://www.rottentomatoes.com/m/fistful_of_dollars,Classics
https://www.rottentomatoes.com/m/bringing_up_baby,Classics
https://www.rottentomatoes.com/m/one_flew_over_the_cuckoos_nest,Classics
https://www.rottentomatoes.com/m/sunrise,Classics
https://www.rottentomatoes.com/m/fantasia,Classics
https://www.rottentomatoes.com/m/toy_story_4,Comedy
https://www.rottentomatoes.com/m/lady_bird,Comedy
https://www.rottentomatoes.com/m/blackkklansman,Comedy
https://www.rottentomatoes.com/m/booksmart,Comedy
https://www.rottentomatoes.com/m/the_farewell_2019,Comedy
https://www.rottentomatoes.com/m/modern_times,Comedy
https://www.rottentomatoes.com/m/1052609-kid,Comedy
https://www.rottentomatoes.com/m/eighth_grade,Comedy
https://www.rottentomatoes.com/m/it_happened_one_night,Comedy
https://www.rottentomatoes.com/m/coco_2017,Comedy
https://www.rottentomatoes.com/m/singin_in_the_rain,Comedy
https://www.rottentomatoes.com/m/the_big_sick,Comedy
https://www.rottentomatoes.com/m/paddington_2,Comedy
https://www.rottentomatoes.com/m/once_upon_a_time_in_hollywood,Comedy
https://www.rottentomatoes.com/m/la_la_land,Comedy
https://www.rottentomatoes.com/m/zootopia,Comedy
https://www.rottentomatoes.com/m/top_hat,Comedy
https://www.rottentomatoes.com/m/beatles_a_hard_days_night,Comedy
https://www.rottentomatoes.com/m/philadelphia_story,Comedy
https://www.rottentomatoes.com/m/up,Comedy
https://www.rottentomatoes.com/m/toy_story_2,Comedy
https://www.rottentomatoes.com/m/lady_eve,Comedy
https://www.rottentomatoes.com/m/toy_story_3,Comedy
https://www.rottentomatoes.com/m/three_billboards_outside_ebbing_missouri,Comedy
https://www.rottentomatoes.com/m/kind_hearts_and_coronets,Comedy
https://www.rottentomatoes.com/m/dr_strangelove,Comedy
https://www.rottentomatoes.com/m/finding_nemo,Comedy
https://www.rottentomatoes.com/m/1015002-night_at_the_opera,Comedy
https://www.rottentomatoes.com/m/his_girl_friday,Comedy
https://www.rottentomatoes.com/m/the_gold_rush,Comedy
https://www.rottentomatoes.com/m/crazy_rich_asians,Comedy
https://www.rottentomatoes.com/m/annie_hall,Comedy
https://www.rottentomatoes.com/m/paterson,Comedy
https://www.rottentomatoes.com/m/sorry_to_bother_you_2018,Comedy
https://www.rottentomatoes.com/m/the_lego_movie,Comedy
https://www.rottentomatoes.com/m/toy_story,Comedy
https://www.rottentomatoes.com/m/ant_man_and_the_wasp,Comedy
https://www.rottentomatoes.com/m/the_disaster_artist,Comedy
https://www.rottentomatoes.com/m/city_lights,Comedy
https://www.rottentomatoes.com/m/isle_of_dogs_2018,Comedy
https://www.rottentomatoes.com/m/monty_python_and_the_holy_grail,Comedy
https://www.rottentomatoes.com/m/the_death_of_stalin,Comedy
https://www.rottentomatoes.com/m/birdman_2014,Comedy
https://www.rottentomatoes.com/m/the_artist,Comedy
https://www.rottentomatoes.com/m/shaun_the_sheep_movie,Comedy
https://www.rottentomatoes.com/m/dolce_vita,Comedy
https://www.rottentomatoes.com/m/to_be_or_not_to_be,Comedy
https://www.rottentomatoes.com/m/love_and_friendship,Comedy
https://www.rottentomatoes.com/m/spy_2015,Comedy
https://www.rottentomatoes.com/m/mary_poppins,Comedy
https://www.rottentomatoes.com/m/discreet_charm_of_the_bourgeoisie,Comedy
https://www.rottentomatoes.com/m/ratatouille,Comedy
https://www.rottentomatoes.com/m/the_nice_guys,Comedy
https://www.rottentomatoes.com/m/incredibles,Comedy
https://www.rottentomatoes.com/m/gentlemen_prefer_blondes,Comedy
https://www.rottentomatoes.com/m/roman_holiday,Comedy
https://www.rottentomatoes.com/m/tampopo,Comedy
https://www.rottentomatoes.com/m/logan_lucky,Comedy
https://www.rottentomatoes.com/m/paddington_2014,Comedy
https://www.rottentomatoes.com/m/sideways,Comedy
https://www.rottentomatoes.com/m/hunt_for_the_wilderpeople,Comedy
https://www.rottentomatoes.com/m/the_grand_budapest_hotel,Comedy
https://www.rottentomatoes.com/m/101_dalmatians,Comedy
https://www.rottentomatoes.com/m/chicken_run,Comedy
https://www.rottentomatoes.com/m/airplane,Comedy
https://www.rottentomatoes.com/m/the_lego_batman_movie,Comedy
https://www.rottentomatoes.com/m/beatles_the_yellow_submarine,Comedy
https://www.rottentomatoes.com/m/the_rules_of_the_game,Comedy
https://www.rottentomatoes.com/m/guardians_of_the_galaxy_vol_2,Comedy
https://www.rottentomatoes.com/m/moonrise_kingdom,Comedy
https://www.rottentomatoes.com/m/dont_think_twice,Comedy
https://www.rottentomatoes.com/m/playtime,Comedy
https://www.rottentomatoes.com/m/what_we_do_in_the_shadows,Comedy
https://www.rottentomatoes.com/m/ghostbusters,Comedy
https://www.rottentomatoes.com/m/bringing_up_baby,Comedy
https://www.rottentomatoes.com/m/player,Comedy
https://www.rottentomatoes.com/m/monsters_inc,Comedy
https://www.rottentomatoes.com/m/big,Comedy
https://www.rottentomatoes.com/m/some_like_it_hot,Comedy
https://www.rottentomatoes.com/m/truman_show,Comedy
https://www.rottentomatoes.com/m/back_to_the_future,Comedy
https://www.rottentomatoes.com/m/groundhog_day,Comedy
https://www.rottentomatoes.com/m/anomalisa,Comedy
https://www.rottentomatoes.com/m/1001115-apartment,Comedy
https://www.rottentomatoes.com/m/bull_durham,Comedy
https://www.rottentomatoes.com/m/enough_said_2013,Comedy
https://www.rottentomatoes.com/m/fighting_with_my_family,Comedy
https://www.rottentomatoes.com/m/you_cant_take_it_with_you_1938,Comedy
https://www.rottentomatoes.com/m/the_muppets,Comedy
https://www.rottentomatoes.com/m/the_edge_of_seventeen,Comedy
https://www.rottentomatoes.com/m/manhattan,Comedy
https://www.rottentomatoes.com/m/broadcast_news,Comedy
https://www.rottentomatoes.com/m/lost_in_translation,Comedy
https://www.rottentomatoes.com/m/duck_soup,Comedy
https://www.rottentomatoes.com/m/who_framed_roger_rabbit,Comedy
https://www.rottentomatoes.com/m/tangerine_2015,Comedy
https://www.rottentomatoes.com/m/silver_linings_playbook,Comedy
https://www.rottentomatoes.com/m/the_bands_visit,Comedy
https://www.rottentomatoes.com/m/the_taste_of_others,Comedy
https://www.rottentomatoes.com/m/young_frankenstein,Comedy
https://www.rottentomatoes.com/m/wont_you_be_my_neighbor,Documentary
https://www.rottentomatoes.com/m/i_am_not_your_negro,Documentary
https://www.rottentomatoes.com/m/apollo_11_2019,Documentary
https://www.rottentomatoes.com/m/man_on_wire,Documentary
https://www.rottentomatoes.com/m/amazing_grace_2018,Documentary
https://www.rottentomatoes.com/m/life_itself,Documentary
https://www.rottentomatoes.com/m/faces_places,Documentary
https://www.rottentomatoes.com/m/minding_the_gap,Documentary
https://www.rottentomatoes.com/m/three_identical_strangers,Documentary
https://www.rottentomatoes.com/m/mcqueen,Documentary
https://www.rottentomatoes.com/m/weiner,Documentary
https://www.rottentomatoes.com/m/20_feet_from_stardom,Documentary
https://www.rottentomatoes.com/m/amy_2015,Documentary
https://www.rottentomatoes.com/m/the_last_waltz_1978,Documentary
https://www.rottentomatoes.com/m/free_solo,Documentary
https://www.rottentomatoes.com/m/knock_down_the_house,Documentary
https://www.rottentomatoes.com/m/kedi_2017,Documentary
https://www.rottentomatoes.com/m/stop_making_sense,Documentary
https://www.rottentomatoes.com/m/blackfish_2013,Documentary
https://www.rottentomatoes.com/m/taxi_to_the_dark_side,Documentary
https://www.rottentomatoes.com/m/maiden,Documentary
https://www.rottentomatoes.com/m/murderball,Documentary
https://www.rottentomatoes.com/m/tower_2016,Documentary
https://www.rottentomatoes.com/m/anvil_the_story_of_anvil,Documentary
https://www.rottentomatoes.com/m/inside_job_2010,Documentary
https://www.rottentomatoes.com/m/shirkers,Documentary
https://www.rottentomatoes.com/m/tea_with_the_dames,Documentary
https://www.rottentomatoes.com/m/the_square_2013,Documentary
https://www.rottentomatoes.com/m/jiro_dreams_of_sushi,Documentary
https://www.rottentomatoes.com/m/seymour_an_introduction,Documentary
https://www.rottentomatoes.com/m/the_missing_picture,Documentary
https://www.rottentomatoes.com/m/deliver_us_from_evil,Documentary
https://www.rottentomatoes.com/m/paris_is_burning,Documentary
https://www.rottentomatoes.com/m/one_child_nation,Documentary
https://www.rottentomatoes.com/m/bright_lights_starring_carrie_fisher_and_debbie_reynolds,Documentary
https://www.rottentomatoes.com/m/hoop_dreams,Documentary
https://www.rottentomatoes.com/m/waste-land,Documentary
https://www.rottentomatoes.com/m/waltz_with_bashir,Documentary
https://www.rottentomatoes.com/m/citizenfour,Documentary
https://www.rottentomatoes.com/m/the_interrupters_2011,Documentary
https://www.rottentomatoes.com/m/afghan_star,Documentary
https://www.rottentomatoes.com/m/jodorowskys_dune,Documentary
https://www.rottentomatoes.com/m/strong_island,Documentary
https://www.rottentomatoes.com/m/iris_2015,Documentary
https://www.rottentomatoes.com/m/mr_death_the_rise_and_fall_of_fred_a_leuchter_jr,Documentary
https://www.rottentomatoes.com/m/capturing_the_friedmans,Documentary
https://www.rottentomatoes.com/m/project_nim,Documentary
https://www.rottentomatoes.com/m/the_invisible_war,Documentary
https://www.rottentomatoes.com/m/sound_city,Documentary
https://www.rottentomatoes.com/m/elaine_stritch_shoot_me_2013,Documentary
https://www.rottentomatoes.com/m/56_up,Documentary
https://www.rottentomatoes.com/m/rbg,Documentary
https://www.rottentomatoes.com/m/my_journey_through_french_cinema,Documentary
https://www.rottentomatoes.com/m/last_train_home-2009,Documentary
https://www.rottentomatoes.com/m/the_look_of_silence,Documentary
https://www.rottentomatoes.com/m/the_act_of_killing,Documentary
https://www.rottentomatoes.com/m/everyday_sunshine_the_story_of_fishbone_2011,Documentary
https://www.rottentomatoes.com/m/nostalgia_for_the_light,Documentary
https://www.rottentomatoes.com/m/1122382-spellbound,Documentary
https://www.rottentomatoes.com/m/we_were_here_voices_from_the_aids_years_in_san_francisco,Documentary
https://www.rottentomatoes.com/m/enron_the_smartest_guys_in_the_room,Documentary
https://www.rottentomatoes.com/m/bill_cunningham_new_york_2010,Documentary
https://www.rottentomatoes.com/m/ai_weiwei_never_sorry_2012,Documentary
https://www.rottentomatoes.com/m/rivers_and_tides_andy_goldsworthy_working_with_time,Documentary
https://www.rottentomatoes.com/m/13th,Documentary
https://www.rottentomatoes.com/m/how_to_survive_a_plague,Documentary
https://www.rottentomatoes.com/m/when_we_were_kings,Documentary
https://www.rottentomatoes.com/m/this_is_not_a_film_2011,Documentary
https://www.rottentomatoes.com/m/american_factory,Documentary
https://www.rottentomatoes.com/m/march_of_the_penguins,Documentary
https://www.rottentomatoes.com/m/hitchcocktruffaut,Documentary
https://www.rottentomatoes.com/m/kurt_cobain_montage_of_heck_2015,Documentary
https://www.rottentomatoes.com/m/king_of_kong,Documentary
https://www.rottentomatoes.com/m/the_fog_of_war_eleven_lessons_from_the_life_of_robert_s_mcnamara,Documentary
https://www.rottentomatoes.com/m/bowling_for_columbine,Documentary
https://www.rottentomatoes.com/m/cave_of_forgotten_dreams,Documentary
https://www.rottentomatoes.com/m/muscle_shoals_2013,Documentary
https://www.rottentomatoes.com/m/homecoming_a_film_by_beyonce,Documentary
https://www.rottentomatoes.com/m/war_tapes,Documentary
https://www.rottentomatoes.com/m/jafar_panahis_taxi,Documentary
https://www.rottentomatoes.com/m/the_beatles_eight_days_a_week_the_touring_years,Documentary
https://www.rottentomatoes.com/m/searching_for_sugar_man,Documentary
https://www.rottentomatoes.com/m/sicko,Documentary
https://www.rottentomatoes.com/m/hale_county_this_morning_this_evening,Documentary
https://www.rottentomatoes.com/m/the_overnighters,Documentary
https://www.rottentomatoes.com/m/beware_of_mr_baker,Documentary
https://www.rottentomatoes.com/m/call_me_kuchu_2011,Documentary
https://www.rottentomatoes.com/m/stories_we_tell,Documentary
https://www.rottentomatoes.com/m/undefeated_2012,Documentary
https://www.rottentomatoes.com/m/bombshell_the_hedy_lamarr_story,Documentary
https://www.rottentomatoes.com/m/marwencol,Documentary
https://www.rottentomatoes.com/m/mea_maxima_culpa_silence_in_the_house_of_god,Documentary
https://www.rottentomatoes.com/m/rodents_of_unusual_size,Documentary
https://www.rottentomatoes.com/m/the_island_president,Documentary
https://www.rottentomatoes.com/m/pick_of_the_litter,Documentary
https://www.rottentomatoes.com/m/restrepo,Documentary
https://www.rottentomatoes.com/m/blindsight,Documentary
https://www.rottentomatoes.com/m/for_the_bible_tells_me_so,Documentary
https://www.rottentomatoes.com/m/finders_keepers_2015,Documentary
https://www.rottentomatoes.com/m/let_the_fire_burn_2013,Documentary
https://www.rottentomatoes.com/m/black_panther_2018,Drama
https://www.rottentomatoes.com/m/avengers_endgame,Drama
https://www.rottentomatoes.com/m/mission_impossible_fallout,Drama
https://www.rottentomatoes.com/m/citizen_kane,Drama
https://www.rottentomatoes.com/m/lady_bird,Drama
https://www.rottentomatoes.com/m/the_irishman,Drama
https://www.rottentomatoes.com/m/blackkklansman,Drama
https://www.rottentomatoes.com/m/1003707-casablanca,Drama
https://www.rottentomatoes.com/m/moonlight_2016,Drama
https://www.rottentomatoes.com/m/a_star_is_born_2018,Drama
https://www.rottentomatoes.com/m/roma_2018,Drama
https://www.rottentomatoes.com/m/wonder_woman_2017,Drama
https://www.rottentomatoes.com/m/the_farewell_2019,Drama
https://www.rottentomatoes.com/m/a_quiet_place_2018,Drama
https://www.rottentomatoes.com/m/dunkirk_2017,Drama
https://www.rottentomatoes.com/m/godfather,Drama
https://www.rottentomatoes.com/m/spotlight_2015,Drama
https://www.rottentomatoes.com/m/selma,Drama
https://www.rottentomatoes.com/m/la_grande_illusion,Drama
https://www.rottentomatoes.com/m/thor_ragnarok_2017,Drama
https://www.rottentomatoes.com/m/the_shape_of_water_2017,Drama
https://www.rottentomatoes.com/m/arrival_2016,Drama
https://www.rottentomatoes.com/m/1000626-all_about_eve,Drama
https://www.rottentomatoes.com/m/logan_2017,Drama
https://www.rottentomatoes.com/m/1018688-shadow_of_a_doubt,Drama
https://www.rottentomatoes.com/m/the_favourite_2018,Drama
https://www.rottentomatoes.com/m/star_wars_the_last_jedi,Drama
https://www.rottentomatoes.com/m/gravity_2013,Drama
https://www.rottentomatoes.com/m/once_upon_a_time_in_hollywood,Drama
https://www.rottentomatoes.com/m/boyhood,Drama
https://www.rottentomatoes.com/m/alien,Drama
https://www.rottentomatoes.com/m/leave_no_trace,Drama
https://www.rottentomatoes.com/m/manchester_by_the_sea,Drama
https://www.rottentomatoes.com/m/argo_2012,Drama
https://www.rottentomatoes.com/m/sunset_boulevard,Drama
https://www.rottentomatoes.com/m/12_years_a_slave,Drama
https://www.rottentomatoes.com/m/la_la_land,Drama
https://www.rottentomatoes.com/m/call_me_by_your_name,Drama
https://www.rottentomatoes.com/m/1013139-maltese_falcon,Drama
https://www.rottentomatoes.com/m/the_battle_of_algiers,Drama
https://www.rottentomatoes.com/m/war_for_the_planet_of_the_apes,Drama
https://www.rottentomatoes.com/m/widows_2018,Drama
https://www.rottentomatoes.com/m/the_florida_project,Drama
https://www.rottentomatoes.com/m/1012928-m,Drama
https://www.rottentomatoes.com/m/spider_man_homecoming,Drama
https://www.rottentomatoes.com/m/1017293-rebecca,Drama
https://www.rottentomatoes.com/m/seven_samurai_1956,Drama
https://www.rottentomatoes.com/m/night_of_the_hunter,Drama
https://www.rottentomatoes.com/m/1013775-metropolis,Drama
https://www.rottentomatoes.com/m/baby_driver,Drama
https://www.rottentomatoes.com/m/shoplifters,Drama
https://www.rottentomatoes.com/m/bicycle_thieves,Drama
https://www.rottentomatoes.com/m/hell_or_high_water,Drama
https://www.rottentomatoes.com/m/jaws,Drama
https://www.rottentomatoes.com/m/1017289-rear_window,Drama
https://www.rottentomatoes.com/m/1020333-streetcar_named_desire,Drama
https://www.rottentomatoes.com/m/lawrence_of_arabia,Drama
https://www.rottentomatoes.com/m/on_the_waterfront,Drama
https://www.rottentomatoes.com/m/godfather_part_ii,Drama
https://www.rottentomatoes.com/m/chinatown,Drama
https://www.rottentomatoes.com/m/brooklyn,Drama
https://www.rottentomatoes.com/m/three_billboards_outside_ebbing_missouri,Drama
https://www.rottentomatoes.com/m/the_babadook,Drama
https://www.rottentomatoes.com/m/1000013-12_angry_men,Drama
https://www.rottentomatoes.com/m/the_dark_knight,Drama
https://www.rottentomatoes.com/m/400_blows,Drama
https://www.rottentomatoes.com/m/kind_hearts_and_coronets,Drama
https://www.rottentomatoes.com/m/treasure_of_the_sierra_madre,Drama
https://www.rottentomatoes.com/m/double_indemnity,Drama
https://www.rottentomatoes.com/m/creed_2015,Drama
https://www.rottentomatoes.com/m/1021749-touch_of_evil,Drama
https://www.rottentomatoes.com/m/army_of_shadows,Drama
https://www.rottentomatoes.com/m/blade_runner_2049,Drama
https://www.rottentomatoes.com/m/the_wrestler,Drama
https://www.rottentomatoes.com/m/rashomon,Drama
https://www.rottentomatoes.com/m/apocalypse_now,Drama
https://www.rottentomatoes.com/m/dolemite_is_my_name,Drama
https://www.rottentomatoes.com/m/harry_potter_and_the_deathly_hallows_part_2_2011,Drama
https://www.rottentomatoes.com/m/1000642-all_quiet_on_the_western_front,Drama
https://www.rottentomatoes.com/m/his_girl_friday,Drama
https://www.rottentomatoes.com/m/tokyo_story,Drama
https://www.rottentomatoes.com/m/vertigo,Drama
https://www.rottentomatoes.com/m/the_hurt_locker,Drama
https://www.rottentomatoes.com/m/hidden_figures,Drama
https://www.rottentomatoes.com/m/gone_with_the_wind,Drama
https://www.rottentomatoes.com/m/taxi_driver,Drama
https://www.rottentomatoes.com/m/1002352-big_sleep,Drama
https://www.rottentomatoes.com/m/the_hate_u_give,Drama
https://www.rottentomatoes.com/m/grapes_of_wrath,Drama
https://www.rottentomatoes.com/m/wages_of_fear,Drama
https://www.rottentomatoes.com/m/1019774-stagecoach,Drama
https://www.rottentomatoes.com/m/battleship_potemkin,Drama
https://www.rottentomatoes.com/m/la_confidential,Drama
https://www.rottentomatoes.com/m/last_picture_show,Drama
https://www.rottentomatoes.com/m/phantom_thread,Drama
https://www.rottentomatoes.com/m/paterson,Drama
https://www.rottentomatoes.com/m/whiplash_2014,Drama
https://www.rottentomatoes.com/m/open_city,Drama
https://www.rottentomatoes.com/m/carol,Drama
https://www.rottentomatoes.com/m/the-social-network,Drama
https://www.rottentomatoes.com/m/us_2019,Horror
https://www.rottentomatoes.com/m/get_out,Horror
https://www.rottentomatoes.com/m/the_cabinet_of_dr_caligari,Horror
https://www.rottentomatoes.com/m/a_quiet_place_2018,Horror
https://www.rottentomatoes.com/m/1011615-king_kong,Horror
https://www.rottentomatoes.com/m/nosferatu,Horror
https://www.rottentomatoes.com/m/psycho,Horror
https://www.rottentomatoes.com/m/bride_of_frankenstein,Horror
https://www.rottentomatoes.com/m/the_babadook,Horror
https://www.rottentomatoes.com/m/1007818-frankenstein,Horror
https://www.rottentomatoes.com/m/hereditary,Horror
https://www.rottentomatoes.com/m/let_the_right_one_in,Horror
https://www.rottentomatoes.com/m/freaks,Horror
https://www.rottentomatoes.com/m/it_follows,Horror
https://www.rottentomatoes.com/m/1000617-aliens,Horror
https://www.rottentomatoes.com/m/night_of_the_living_dead,Horror
https://www.rottentomatoes.com/m/silence_of_the_lambs,Horror
https://www.rottentomatoes.com/m/rosemarys_baby,Horror
https://www.rottentomatoes.com/m/eyes_without_a_face_1962,Horror
https://www.rottentomatoes.com/m/1009113-halloween,Horror
https://www.rottentomatoes.com/m/repulsion,Horror
https://www.rottentomatoes.com/m/pans_labyrinth,Horror
https://www.rottentomatoes.com/m/the_witch_2016,Horror
https://www.rottentomatoes.com/m/the_cabin_in_the_woods,Horror
https://www.rottentomatoes.com/m/godzilla_1956,Horror
https://www.rottentomatoes.com/m/evil_dead_2_dead_by_dawn,Horror
https://www.rottentomatoes.com/m/1002448-birds,Horror
https://www.rottentomatoes.com/m/dont_look_now,Horror
https://www.rottentomatoes.com/m/young_frankenstein,Horror
https://www.rottentomatoes.com/m/it_2017,Horror
https://www.rottentomatoes.com/m/the_vanishing,Horror
https://www.rottentomatoes.com/m/ready_or_not_2019,Horror
https://www.rottentomatoes.com/m/a_girl_walks_home_alone_at_night,Horror
https://www.rottentomatoes.com/m/1010030-house_of_wax,Horror
https://www.rottentomatoes.com/m/drag_me_to_hell,Horror
https://www.rottentomatoes.com/m/1007600-fly,Horror
https://www.rottentomatoes.com/m/midsommar,Horror
https://www.rottentomatoes.com/m/1003625-carrie,Horror
https://www.rottentomatoes.com/m/nosferatu_the_vampyre,Horror
https://www.rottentomatoes.com/m/the-evil-dead,Horror
https://www.rottentomatoes.com/m/the_loved_ones_2012,Horror
https://www.rottentomatoes.com/m/1099622-innocents,Horror
https://www.rottentomatoes.com/m/1010679-invasion_of_the_body_snatchers,Horror
https://www.rottentomatoes.com/m/harpoon_2019,Horror
https://www.rottentomatoes.com/m/the_love_witch,Horror
https://www.rottentomatoes.com/m/room_237_2012,Horror
https://www.rottentomatoes.com/m/werckmeister_harmonies,Horror
https://www.rottentomatoes.com/m/1020662-suspiria,Horror
https://www.rottentomatoes.com/m/it_comes_at_night,Horror
https://www.rottentomatoes.com/m/train_to_busan,Horror
https://www.rottentomatoes.com/m/1006234-dracula,Horror
https://www.rottentomatoes.com/m/the_host_2007,Horror
https://www.rottentomatoes.com/m/shaun_of_the_dead,Horror
https://www.rottentomatoes.com/m/1007602-fly,Horror
https://www.rottentomatoes.com/m/nightmare_on_elm_street,Horror
https://www.rottentomatoes.com/m/reanimator,Horror
https://www.rottentomatoes.com/m/zombieland,Horror
https://www.rottentomatoes.com/m/what_ever_happened_to_baby_jane,Horror
https://www.rottentomatoes.com/m/the_endless,Horror
https://www.rottentomatoes.com/m/dont_breathe_2016,Horror
https://www.rottentomatoes.com/m/1005339-dawn_of_the_dead,Horror
https://www.rottentomatoes.com/m/cam,Horror
https://www.rottentomatoes.com/m/1016240-phantom_of_the_opera,Horror
https://www.rottentomatoes.com/m/wolf_man,Horror
https://www.rottentomatoes.com/m/we_are_still_here,Horror
https://www.rottentomatoes.com/m/upgrade_2018,Horror
https://www.rottentomatoes.com/m/the_witches,Horror
https://www.rottentomatoes.com/m/eraserhead,Horror
https://www.rottentomatoes.com/m/halloween_2018,Horror
https://www.rottentomatoes.com/m/frenzy,Horror
https://www.rottentomatoes.com/m/frankenweenie_2012,Horror
https://www.rottentomatoes.com/m/let_me_in,Horror
https://www.rottentomatoes.com/m/dead_zone,Horror
https://www.rottentomatoes.com/m/misery,Horror
https://www.rottentomatoes.com/m/1021112-texas_chainsaw_massacre,Horror
https://www.rottentomatoes.com/m/the_conjuring,Horror
https://www.rottentomatoes.com/m/1012515-little_shop_of_horrors,Horror
https://www.rottentomatoes.com/m/the_wicker_man_1973,Horror
https://www.rottentomatoes.com/m/blair_witch_project,Horror
https://www.rottentomatoes.com/m/cronos,Horror
https://www.rottentomatoes.com/m/28_days_later,Horror
https://www.rottentomatoes.com/m/hush_2016,Horror
https://www.rottentomatoes.com/m/geralds_game,Horror
https://www.rottentomatoes.com/m/the_devils_candy,Horror
https://www.rottentomatoes.com/m/backcountry,Horror
https://www.rottentomatoes.com/m/bone_tomahawk,Horror
https://www.rottentomatoes.com/m/the_orphanage,Horror
https://www.rottentomatoes.com/m/return_of_the_living_dead,Horror
https://www.rottentomatoes.com/m/shining,Horror
https://www.rottentomatoes.com/m/henry-portrait-of-a-serial-killer,Horror
https://www.rottentomatoes.com/m/abominable_dr_phibes,Horror
https://www.rottentomatoes.com/m/this_is_the_end,Horror
https://www.rottentomatoes.com/m/1014793-near_dark,Horror
https://www.rottentomatoes.com/m/chronicle,Horror
https://www.rottentomatoes.com/m/exorcist,Horror
https://www.rottentomatoes.com/m/crawl_2019,Horror
https://www.rottentomatoes.com/m/1015517-omen,Horror
https://www.rottentomatoes.com/m/american_werewolf_in_london,Horror
https://www.rottentomatoes.com/m/descent,Horror
https://www.rottentomatoes.com/m/better_watch_out,Horror
https://www.rottentomatoes.com/m/toy_story_4,Kids&Family
https://www.rottentomatoes.com/m/the_wizard_of_oz_1939,Kids&Family
https://www.rottentomatoes.com/m/spider_man_into_the_spider_verse,Kids&Family
https://www.rottentomatoes.com/m/inside_out_2015,Kids&Family
https://www.rottentomatoes.com/m/coco_2017,Kids&Family
https://www.rottentomatoes.com/m/1048445-snow_white_and_the_seven_dwarfs,Kids&Family
https://www.rottentomatoes.com/m/et_the_extraterrestrial,Kids&Family
https://www.rottentomatoes.com/m/paddington_2,Kids&Family
https://www.rottentomatoes.com/m/incredibles_2,Kids&Family
https://www.rottentomatoes.com/m/up,Kids&Family
https://www.rottentomatoes.com/m/toy_story_2,Kids&Family
https://www.rottentomatoes.com/m/pinocchio_1940,Kids&Family
https://www.rottentomatoes.com/m/toy_story_3,Kids&Family
https://www.rottentomatoes.com/m/finding_nemo,Kids&Family
https://www.rottentomatoes.com/m/the_jungle_book_2016,Kids&Family
https://www.rottentomatoes.com/m/harry_potter_and_the_deathly_hallows_part_2_2011,Kids&Family
https://www.rottentomatoes.com/m/moana_2016,Kids&Family
https://www.rottentomatoes.com/m/the_lego_movie,Kids&Family
https://www.rottentomatoes.com/m/toy_story,Kids&Family
https://www.rottentomatoes.com/m/its_a_wonderful_life,Kids&Family
https://www.rottentomatoes.com/m/how_to_train_your_dragon,Kids&Family
https://www.rottentomatoes.com/m/mary_poppins,Kids&Family
https://www.rottentomatoes.com/m/dumbo,Kids&Family
https://www.rottentomatoes.com/m/ratatouille,Kids&Family
https://www.rottentomatoes.com/m/my_life_as_a_zucchini,Kids&Family
https://www.rottentomatoes.com/m/miracle_on_34th_street,Kids&Family
https://www.rottentomatoes.com/m/incredibles,Kids&Family
https://www.rottentomatoes.com/m/paddington_2014,Kids&Family
https://www.rottentomatoes.com/m/101_dalmatians,Kids&Family
https://www.rottentomatoes.com/m/princess_bride,Kids&Family
https://www.rottentomatoes.com/m/chicken_run,Kids&Family
https://www.rottentomatoes.com/m/beauty_and_the_beast_1991,Kids&Family
https://www.rottentomatoes.com/m/the_lego_batman_movie,Kids&Family
https://www.rottentomatoes.com/m/beatles_the_yellow_submarine,Kids&Family
https://www.rottentomatoes.com/m/nightmare_before_christmas,Kids&Family
https://www.rottentomatoes.com/m/fantasia,Kids&Family
https://www.rottentomatoes.com/m/monsters_inc,Kids&Family
https://www.rottentomatoes.com/m/big,Kids&Family
https://www.rottentomatoes.com/m/iron_giant,Kids&Family
https://www.rottentomatoes.com/m/spirited_away,Kids&Family
https://www.rottentomatoes.com/m/song_of_the_sea_2014,Kids&Family
https://www.rottentomatoes.com/m/the_muppets,Kids&Family
https://www.rottentomatoes.com/m/the_lion_king,Kids&Family
https://www.rottentomatoes.com/m/who_framed_roger_rabbit,Kids&Family
https://www.rottentomatoes.com/m/how_to_train_your_dragon_the_hidden_world,Kids&Family
https://www.rottentomatoes.com/m/1065598-babe,Kids&Family
https://www.rottentomatoes.com/m/wallace_and_gromit_curse_of_the_wererabbit,Kids&Family
https://www.rottentomatoes.com/m/kikis_delivery_service,Kids&Family
https://www.rottentomatoes.com/m/my_fair_lady,Kids&Family
https://www.rottentomatoes.com/m/disneys_aladdin,Kids&Family
https://www.rottentomatoes.com/m/hugo,Kids&Family
https://www.rottentomatoes.com/m/1197696-fantastic_mr_fox,Kids&Family
https://www.rottentomatoes.com/m/ralph_breaks_the_internet,Kids&Family
https://www.rottentomatoes.com/m/frozen_2013,Kids&Family
https://www.rottentomatoes.com/m/straight_story,Kids&Family
https://www.rottentomatoes.com/m/enchanted,Kids&Family
https://www.rottentomatoes.com/m/coraline,Kids&Family
https://www.rottentomatoes.com/m/the_breadwinner,Kids&Family
https://www.rottentomatoes.com/m/the_little_mermaid_1989,Kids&Family
https://www.rottentomatoes.com/m/lady_and_the_tramp,Kids&Family
https://www.rottentomatoes.com/m/how_to_train_your_dragon_2,Kids&Family
https://www.rottentomatoes.com/m/big_hero_6,Kids&Family
https://www.rottentomatoes.com/m/bambi,Kids&Family
https://www.rottentomatoes.com/m/princess_mononoke_1999,Kids&Family
https://www.rottentomatoes.com/m/my_neighbor_totoro,Kids&Family
https://www.rottentomatoes.com/m/harry_potter_and_the_prisoner_of_azkaban,Kids&Family
https://www.rottentomatoes.com/m/the-secret-of-roan-inish,Kids&Family
https://www.rottentomatoes.com/m/petes_dragon_2016,Kids&Family
https://www.rottentomatoes.com/m/ponyo,Kids&Family
https://www.rottentomatoes.com/m/antz,Kids&Family
https://www.rottentomatoes.com/m/a_monster_calls,Kids&Family
https://www.rottentomatoes.com/m/spy_kids,Kids&Family
https://www.rottentomatoes.com/m/arthur_christmas,Kids&Family
https://www.rottentomatoes.com/m/the_kid_who_would_be_king,Kids&Family
https://www.rottentomatoes.com/m/summer_hours,Kids&Family
https://www.rottentomatoes.com/m/harry_potter_and_the_goblet_of_fire,Kids&Family
https://www.rottentomatoes.com/m/bugs_life,Kids&Family
https://www.rottentomatoes.com/m/how_green_was_my_valley,Kids&Family
https://www.rottentomatoes.com/m/klaus,Kids&Family
https://www.rottentomatoes.com/m/teen_titans_go_to_the_movies,Kids&Family
https://www.rottentomatoes.com/m/that_thing_you_do,Kids&Family
https://www.rottentomatoes.com/m/shrek_2,Kids&Family
https://www.rottentomatoes.com/m/tangled,Kids&Family
https://www.rottentomatoes.com/m/the_witches,Kids&Family
https://www.rottentomatoes.com/m/first_position_2011,Kids&Family
https://www.rottentomatoes.com/m/james_and_the_giant_peach,Kids&Family
https://www.rottentomatoes.com/m/willy_wonka_and_the_chocolate_factory,Kids&Family
https://www.rottentomatoes.com/m/shrek,Kids&Family
https://www.rottentomatoes.com/m/rango,Kids&Family
https://www.rottentomatoes.com/m/lassie,Kids&Family
https://www.rottentomatoes.com/m/winnie_the_pooh_2011,Kids&Family
https://www.rottentomatoes.com/m/paranorman,Kids&Family
https://www.rottentomatoes.com/m/duma,Kids&Family
https://www.rottentomatoes.com/m/the_peanuts_movie,Kids&Family
https://www.rottentomatoes.com/m/1010939-jason_and_the_argonauts,Kids&Family
https://www.rottentomatoes.com/m/1019187-sleeping_beauty,Kids&Family
https://www.rottentomatoes.com/m/1004151-christmas_story,Kids&Family
https://www.rottentomatoes.com/m/kung_fu_panda,Kids&Family
https://www.rottentomatoes.com/m/wreck_it_ralph,Kids&Family
https://www.rottentomatoes.com/m/cinderella_2013,Kids&Family
https://www.rottentomatoes.com/m/the_wizard_of_oz_1939,Musical&PerformingArts
https://www.rottentomatoes.com/m/singin_in_the_rain,Musical&PerformingArts
https://www.rottentomatoes.com/m/la_la_land,Musical&PerformingArts
https://www.rottentomatoes.com/m/top_hat,Musical&PerformingArts
https://www.rottentomatoes.com/m/beatles_a_hard_days_night,Musical&PerformingArts
https://www.rottentomatoes.com/m/pinocchio_1940,Musical&PerformingArts
https://www.rottentomatoes.com/m/american_in_paris,Musical&PerformingArts
https://www.rottentomatoes.com/m/1015002-night_at_the_opera,Musical&PerformingArts
https://www.rottentomatoes.com/m/1017346-red_shoes,Musical&PerformingArts
https://www.rottentomatoes.com/m/the_umbrellas_of_cherbourg_1964,Musical&PerformingArts
https://www.rottentomatoes.com/m/amazing_grace_2018,Musical&PerformingArts
https://www.rottentomatoes.com/m/mary_poppins,Musical&PerformingArts
https://www.rottentomatoes.com/m/gentlemen_prefer_blondes,Musical&PerformingArts
https://www.rottentomatoes.com/m/1002681-blue_angel,Musical&PerformingArts
https://www.rottentomatoes.com/m/20_feet_from_stardom,Musical&PerformingArts
https://www.rottentomatoes.com/m/amy_2015,Musical&PerformingArts
https://www.rottentomatoes.com/m/beauty_and_the_beast_1991,Musical&PerformingArts
https://www.rottentomatoes.com/m/the_last_waltz_1978,Musical&PerformingArts
https://www.rottentomatoes.com/m/beatles_the_yellow_submarine,Musical&PerformingArts
https://www.rottentomatoes.com/m/sing_street,Musical&PerformingArts
https://www.rottentomatoes.com/m/stop_making_sense,Musical&PerformingArts
https://www.rottentomatoes.com/m/fantasia,Musical&PerformingArts
https://www.rottentomatoes.com/m/1019829-star_is_born,Musical&PerformingArts
https://www.rottentomatoes.com/m/some_like_it_hot,Musical&PerformingArts
https://www.rottentomatoes.com/m/the_young_girls_of_rochefort,Musical&PerformingArts
https://www.rottentomatoes.com/m/anvil_the_story_of_anvil,Musical&PerformingArts
https://www.rottentomatoes.com/m/once,Musical&PerformingArts
https://www.rottentomatoes.com/m/the_lion_king,Musical&PerformingArts
https://www.rottentomatoes.com/m/waste-land,Musical&PerformingArts
https://www.rottentomatoes.com/m/afghan_star,Musical&PerformingArts
https://www.rottentomatoes.com/m/amadeus,Musical&PerformingArts
https://www.rottentomatoes.com/m/sound_city,Musical&PerformingArts
https://www.rottentomatoes.com/m/we_are_the_best,Musical&PerformingArts
https://www.rottentomatoes.com/m/1009096-hairspray,Musical&PerformingArts
https://www.rottentomatoes.com/m/everyday_sunshine_the_story_of_fishbone_2011,Musical&PerformingArts
https://www.rottentomatoes.com/m/west_side_story,Musical&PerformingArts
https://www.rottentomatoes.com/m/bill_cunningham_new_york_2010,Musical&PerformingArts
https://www.rottentomatoes.com/m/my_fair_lady,Musical&PerformingArts
https://www.rottentomatoes.com/m/disneys_aladdin,Musical&PerformingArts
https://www.rottentomatoes.com/m/rivers_and_tides_andy_goldsworthy_working_with_time,Musical&PerformingArts
https://www.rottentomatoes.com/m/whats_love_got_to_do_with_it,Musical&PerformingArts
https://www.rottentomatoes.com/m/muscle_shoals_2013,Musical&PerformingArts
https://www.rottentomatoes.com/m/homecoming_a_film_by_beyonce,Musical&PerformingArts
https://www.rottentomatoes.com/m/searching_for_sugar_man,Musical&PerformingArts
https://www.rottentomatoes.com/m/beware_of_mr_baker,Musical&PerformingArts
https://www.rottentomatoes.com/m/keep_on_keepin_on,Musical&PerformingArts
https://www.rottentomatoes.com/m/exit_through_the_gift_shop,Musical&PerformingArts
https://www.rottentomatoes.com/m/marley,Musical&PerformingArts
https://www.rottentomatoes.com/m/49_up,Musical&PerformingArts
https://www.rottentomatoes.com/m/full_monty,Musical&PerformingArts
https://www.rottentomatoes.com/m/du_levande,Musical&PerformingArts
https://www.rottentomatoes.com/m/hairspray,Musical&PerformingArts
https://www.rottentomatoes.com/m/the_little_mermaid_1989,Musical&PerformingArts
https://www.rottentomatoes.com/m/straight_outta_compton,Musical&PerformingArts
https://www.rottentomatoes.com/m/cabaret,Musical&PerformingArts
https://www.rottentomatoes.com/m/les-plages-dagnes,Musical&PerformingArts
https://www.rottentomatoes.com/m/johnny_guitar,Musical&PerformingArts
https://www.rottentomatoes.com/m/20000_days_on_earth,Musical&PerformingArts
https://www.rottentomatoes.com/m/wordplay,Musical&PerformingArts
https://www.rottentomatoes.com/m/festival_express,Musical&PerformingArts
https://www.rottentomatoes.com/m/pina_3d,Musical&PerformingArts
https://www.rottentomatoes.com/m/born_into_brothels,Musical&PerformingArts
https://www.rottentomatoes.com/m/funny_girl,Musical&PerformingArts
https://www.rottentomatoes.com/m/crumb,Musical&PerformingArts
https://www.rottentomatoes.com/m/love_and_mercy,Musical&PerformingArts
https://www.rottentomatoes.com/m/marina_abramovic_the_artist_is_present_2012,Musical&PerformingArts
https://www.rottentomatoes.com/m/crazy_heart,Musical&PerformingArts
https://www.rottentomatoes.com/m/nashville,Musical&PerformingArts
https://www.rottentomatoes.com/m/los_angeles_plays_itself,Musical&PerformingArts
https://www.rottentomatoes.com/m/lost_in_la_mancha,Musical&PerformingArts
https://www.rottentomatoes.com/m/lagaan_once_upon_a_time_in_india,Musical&PerformingArts
https://www.rottentomatoes.com/m/my_kid_could_paint_that,Musical&PerformingArts
https://www.rottentomatoes.com/m/end_of_the_century_the_story_of_the_ramones,Musical&PerformingArts
https://www.rottentomatoes.com/m/1200743-wrecking_crew,Musical&PerformingArts
https://www.rottentomatoes.com/m/block_party,Musical&PerformingArts
https://www.rottentomatoes.com/m/the_sapphires_2012,Musical&PerformingArts
https://www.rottentomatoes.com/m/florence_foster_jenkins_2016,Musical&PerformingArts
https://www.rottentomatoes.com/m/tangled,Musical&PerformingArts
https://www.rottentomatoes.com/m/filth_and_the_fury,Musical&PerformingArts
https://www.rottentomatoes.com/m/sing_your_song,Musical&PerformingArts
https://www.rottentomatoes.com/m/hedwig_and_the_angry_inch,Musical&PerformingArts
https://www.rottentomatoes.com/m/a_band_called_death_2013,Musical&PerformingArts
https://www.rottentomatoes.com/m/my_architect,Musical&PerformingArts
https://www.rottentomatoes.com/m/willy_wonka_and_the_chocolate_factory,Musical&PerformingArts
https://www.rottentomatoes.com/m/black_orpheus,Musical&PerformingArts
https://www.rottentomatoes.com/m/every_little_step,Musical&PerformingArts
https://www.rottentomatoes.com/m/1012515-little_shop_of_horrors,Musical&PerformingArts
https://www.rottentomatoes.com/m/u2_3d,Musical&PerformingArts
https://www.rottentomatoes.com/m/five_easy_pieces,Musical&PerformingArts
https://www.rottentomatoes.com/m/sid_and_nancy,Musical&PerformingArts
https://www.rottentomatoes.com/m/la_bamba,Musical&PerformingArts
https://www.rottentomatoes.com/m/scratch_2002,Musical&PerformingArts
https://www.rottentomatoes.com/m/chicago,Musical&PerformingArts
https://www.rottentomatoes.com/m/f_for_fake,Musical&PerformingArts
https://www.rottentomatoes.com/m/1167811-ballets_russes,Musical&PerformingArts
https://www.rottentomatoes.com/m/caesar_must_die_2012,Musical&PerformingArts
https://www.rottentomatoes.com/m/standing_in_the_shadows_of_motown,Musical&PerformingArts
https://www.rottentomatoes.com/m/shine,Musical&PerformingArts
https://www.rottentomatoes.com/m/the_punk_singer_2013,Musical&PerformingArts
https://www.rottentomatoes.com/m/heart_of_gold,Musical&PerformingArts
https://www.rottentomatoes.com/m/us_2019,Mystery&Suspense
https://www.rottentomatoes.com/m/mission_impossible_fallout,Mystery&Suspense
https://www.rottentomatoes.com/m/citizen_kane,Mystery&Suspense
https://www.rottentomatoes.com/m/the_irishman,Mystery&Suspense
https://www.rottentomatoes.com/m/get_out,Mystery&Suspense
https://www.rottentomatoes.com/m/the_cabinet_of_dr_caligari,Mystery&Suspense
https://www.rottentomatoes.com/m/the_third_man,Mystery&Suspense
https://www.rottentomatoes.com/m/a_quiet_place_2018,Mystery&Suspense
https://www.rottentomatoes.com/m/spotlight_2015,Mystery&Suspense
https://www.rottentomatoes.com/m/arrival_2016,Mystery&Suspense
https://www.rottentomatoes.com/m/1018688-shadow_of_a_doubt,Mystery&Suspense
https://www.rottentomatoes.com/m/1012007-laura,Mystery&Suspense
https://www.rottentomatoes.com/m/alien,Mystery&Suspense
https://www.rottentomatoes.com/m/argo_2012,Mystery&Suspense
https://www.rottentomatoes.com/m/psycho,Mystery&Suspense
https://www.rottentomatoes.com/m/1013139-maltese_falcon,Mystery&Suspense
https://www.rottentomatoes.com/m/1012928-m,Mystery&Suspense
https://www.rottentomatoes.com/m/1017293-rebecca,Mystery&Suspense
https://www.rottentomatoes.com/m/night_of_the_hunter,Mystery&Suspense
https://www.rottentomatoes.com/m/north-by-northwest,Mystery&Suspense
https://www.rottentomatoes.com/m/hell_or_high_water,Mystery&Suspense
https://www.rottentomatoes.com/m/jaws,Mystery&Suspense
https://www.rottentomatoes.com/m/1017289-rear_window,Mystery&Suspense
https://www.rottentomatoes.com/m/1000121-39_steps,Mystery&Suspense
https://www.rottentomatoes.com/m/godfather_part_ii,Mystery&Suspense
https://www.rottentomatoes.com/m/chinatown,Mystery&Suspense
https://www.rottentomatoes.com/m/the_babadook,Mystery&Suspense
https://www.rottentomatoes.com/m/1011813-lady_vanishes,Mystery&Suspense
https://www.rottentomatoes.com/m/1021749-touch_of_evil,Mystery&Suspense
https://www.rottentomatoes.com/m/rashomon,Mystery&Suspense
https://www.rottentomatoes.com/m/harry_potter_and_the_deathly_hallows_part_2_2011,Mystery&Suspense
https://www.rottentomatoes.com/m/skyfall,Mystery&Suspense
https://www.rottentomatoes.com/m/vertigo,Mystery&Suspense
https://www.rottentomatoes.com/m/taxi_driver,Mystery&Suspense
https://www.rottentomatoes.com/m/1046060-high_noon,Mystery&Suspense
https://www.rottentomatoes.com/m/1002352-big_sleep,Mystery&Suspense
https://www.rottentomatoes.com/m/wages_of_fear,Mystery&Suspense
https://www.rottentomatoes.com/m/la_confidential,Mystery&Suspense
https://www.rottentomatoes.com/m/nightcrawler,Mystery&Suspense
https://www.rottentomatoes.com/m/1010678-invasion_of_the_body_snatchers,Mystery&Suspense
https://www.rottentomatoes.com/m/goldfinger,Mystery&Suspense
https://www.rottentomatoes.com/m/strangers_on_a_train,Mystery&Suspense
https://www.rottentomatoes.com/m/the_post,Mystery&Suspense
https://www.rottentomatoes.com/m/anatomy-of-a-murder,Mystery&Suspense
https://www.rottentomatoes.com/m/freaks,Mystery&Suspense
https://www.rottentomatoes.com/m/in_a_lonely_place,Mystery&Suspense
https://www.rottentomatoes.com/m/1015287-notorious,Mystery&Suspense
https://www.rottentomatoes.com/m/badlands,Mystery&Suspense
https://www.rottentomatoes.com/m/casino_royale,Mystery&Suspense
https://www.rottentomatoes.com/m/the_salesman_2017,Mystery&Suspense
https://www.rottentomatoes.com/m/silence_of_the_lambs,Mystery&Suspense
https://www.rottentomatoes.com/m/rosemarys_baby,Mystery&Suspense
https://www.rottentomatoes.com/m/eyes_without_a_face_1962,Mystery&Suspense
https://www.rottentomatoes.com/m/1009113-halloween,Mystery&Suspense
https://www.rottentomatoes.com/m/kiss_me_deadly,Mystery&Suspense
https://www.rottentomatoes.com/m/repulsion,Mystery&Suspense
https://www.rottentomatoes.com/m/101_dalmatians,Mystery&Suspense
https://www.rottentomatoes.com/m/eye_in_the_sky,Mystery&Suspense
https://www.rottentomatoes.com/m/killing,Mystery&Suspense
https://www.rottentomatoes.com/m/all_is_lost_2013,Mystery&Suspense
https://www.rottentomatoes.com/m/1043378-stalker,Mystery&Suspense
https://www.rottentomatoes.com/m/looper,Mystery&Suspense
https://www.rottentomatoes.com/m/burning_2018,Mystery&Suspense
https://www.rottentomatoes.com/m/1013227-manchurian_candidate,Mystery&Suspense
https://www.rottentomatoes.com/m/no_country_for_old_men,Mystery&Suspense
https://www.rottentomatoes.com/m/le_cercle_rouge,Mystery&Suspense
https://www.rottentomatoes.com/m/the_cabin_in_the_woods,Mystery&Suspense
https://www.rottentomatoes.com/m/sunrise,Mystery&Suspense
https://www.rottentomatoes.com/m/blood_simple,Mystery&Suspense
https://www.rottentomatoes.com/m/ex_machina,Mystery&Suspense
https://www.rottentomatoes.com/m/to_catch_a_thief,Mystery&Suspense
https://www.rottentomatoes.com/m/sicario_2015,Mystery&Suspense
https://www.rottentomatoes.com/m/searching_2018,Mystery&Suspense
https://www.rottentomatoes.com/m/peeping_tom_1960,Mystery&Suspense
https://www.rottentomatoes.com/m/1001280-assault_on_precinct_13,Mystery&Suspense
https://www.rottentomatoes.com/m/10_cloverfield_lane,Mystery&Suspense
https://www.rottentomatoes.com/m/the_conversation,Mystery&Suspense
https://www.rottentomatoes.com/m/forbidden_planet,Mystery&Suspense
https://www.rottentomatoes.com/m/1046129-fugitive,Mystery&Suspense
https://www.rottentomatoes.com/m/bridge_of_spies,Mystery&Suspense
https://www.rottentomatoes.com/m/1032980-diabolique,Mystery&Suspense
https://www.rottentomatoes.com/m/border_2018,Mystery&Suspense
https://www.rottentomatoes.com/m/mission_impossible_ghost_protocol,Mystery&Suspense
https://www.rottentomatoes.com/m/jurassic_park,Mystery&Suspense
https://www.rottentomatoes.com/m/gone_girl,Mystery&Suspense
https://www.rottentomatoes.com/m/who_framed_roger_rabbit,Mystery&Suspense
https://www.rottentomatoes.com/m/1002448-birds,Mystery&Suspense
https://www.rottentomatoes.com/m/dont_look_now,Mystery&Suspense
https://www.rottentomatoes.com/m/elevator_to_the_gallows,Mystery&Suspense
https://www.rottentomatoes.com/m/the_guilty_2018,Mystery&Suspense
https://www.rottentomatoes.com/m/mandy_2018,Mystery&Suspense
https://www.rottentomatoes.com/m/blue_velvet,Mystery&Suspense
https://www.rottentomatoes.com/m/the_imitation_game,Mystery&Suspense
https://www.rottentomatoes.com/m/three_colors_blue,Mystery&Suspense
https://www.rottentomatoes.com/m/blue_ruin,Mystery&Suspense
https://www.rottentomatoes.com/m/dr_no,Mystery&Suspense
https://www.rottentomatoes.com/m/it_2017,Mystery&Suspense
https://www.rottentomatoes.com/m/in_the_line_of_fire,Mystery&Suspense
https://www.rottentomatoes.com/m/the_vanishing,Mystery&Suspense
https://www.rottentomatoes.com/m/bourne_ultimatum,Mystery&Suspense
https://www.rottentomatoes.com/m/1003707-casablanca,Romance
https://www.rottentomatoes.com/m/it_happened_one_night,Romance
https://www.rottentomatoes.com/m/the_shape_of_water_2017,Romance
https://www.rottentomatoes.com/m/singin_in_the_rain,Romance
https://www.rottentomatoes.com/m/the_big_sick,Romance
https://www.rottentomatoes.com/m/1000355-adventures_of_robin_hood,Romance
https://www.rottentomatoes.com/m/call_me_by_your_name,Romance
https://www.rottentomatoes.com/m/top_hat,Romance
https://www.rottentomatoes.com/m/philadelphia_story,Romance
https://www.rottentomatoes.com/m/lady_eve,Romance
https://www.rottentomatoes.com/m/on_the_waterfront,Romance
https://www.rottentomatoes.com/m/american_in_paris,Romance
https://www.rottentomatoes.com/m/1015002-night_at_the_opera,Romance
https://www.rottentomatoes.com/m/vertigo,Romance
https://www.rottentomatoes.com/m/gone_with_the_wind,Romance
https://www.rottentomatoes.com/m/annie_hall,Romance
https://www.rottentomatoes.com/m/carol,Romance
https://www.rottentomatoes.com/m/1017346-red_shoes,Romance
https://www.rottentomatoes.com/m/her,Romance
https://www.rottentomatoes.com/m/before_midnight_2013,Romance
https://www.rottentomatoes.com/m/city_lights,Romance
https://www.rottentomatoes.com/m/the_umbrellas_of_cherbourg_1964,Romance
https://www.rottentomatoes.com/m/best_years_of_our_lives,Romance
https://www.rottentomatoes.com/m/ash_is_purest_white,Romance
https://www.rottentomatoes.com/m/the_artist,Romance
https://www.rottentomatoes.com/m/the_african_queen_1951,Romance
https://www.rottentomatoes.com/m/in_a_lonely_place,Romance
https://www.rottentomatoes.com/m/1001902-beauty_and_the_beast,Romance
https://www.rottentomatoes.com/m/miracle_on_34th_street,Romance
https://www.rottentomatoes.com/m/gentlemen_prefer_blondes,Romance
https://www.rottentomatoes.com/m/roman_holiday,Romance
https://www.rottentomatoes.com/m/only_yesterday_1991,Romance
https://www.rottentomatoes.com/m/sideways,Romance
https://www.rottentomatoes.com/m/1013427-marty,Romance
https://www.rottentomatoes.com/m/children_of_paradise,Romance
https://www.rottentomatoes.com/m/princess_bride,Romance
https://www.rottentomatoes.com/m/beauty_and_the_beast_1991,Romance
https://www.rottentomatoes.com/m/1058966-red,Romance
https://www.rottentomatoes.com/m/gods_own_country_2017,Romance
https://www.rottentomatoes.com/m/bringing_up_baby,Romance
https://www.rottentomatoes.com/m/sunrise,Romance
https://www.rottentomatoes.com/m/1029042-henry_v,Romance
https://www.rottentomatoes.com/m/to_catch_a_thief,Romance
https://www.rottentomatoes.com/m/before_sunrise,Romance
https://www.rottentomatoes.com/m/hustler,Romance
https://www.rottentomatoes.com/m/cold_war_2018,Romance
https://www.rottentomatoes.com/m/groundhog_day,Romance
https://www.rottentomatoes.com/m/the_young_girls_of_rochefort,Romance
https://www.rottentomatoes.com/m/wings_of_desire,Romance
https://www.rottentomatoes.com/m/your_name_2017,Romance
https://www.rottentomatoes.com/m/1001115-apartment,Romance
https://www.rottentomatoes.com/m/bull_durham,Romance
https://www.rottentomatoes.com/m/atlantics,Romance
https://www.rottentomatoes.com/m/slumdog_millionaire,Romance
https://www.rottentomatoes.com/m/enough_said_2013,Romance
https://www.rottentomatoes.com/m/you_cant_take_it_with_you_1938,Romance
https://www.rottentomatoes.com/m/crouching_tiger_hidden_dragon,Romance
https://www.rottentomatoes.com/m/manhattan,Romance
https://www.rottentomatoes.com/m/border_2018,Romance
https://www.rottentomatoes.com/m/lost_in_translation,Romance
https://www.rottentomatoes.com/m/titanic,Romance
https://www.rottentomatoes.com/m/1068832-sense_and_sensibility,Romance
https://www.rottentomatoes.com/m/elevator_to_the_gallows,Romance
https://www.rottentomatoes.com/m/three_colors_blue,Romance
https://www.rottentomatoes.com/m/the_lunchbox,Romance
https://www.rottentomatoes.com/m/say_anything,Romance
https://www.rottentomatoes.com/m/a_girl_walks_home_alone_at_night,Romance
https://www.rottentomatoes.com/m/1007931-from_here_to_eternity,Romance
https://www.rottentomatoes.com/m/giant,Romance
https://www.rottentomatoes.com/m/daughters_of_the_dust,Romance
https://www.rottentomatoes.com/m/west_side_story,Romance
https://www.rottentomatoes.com/m/four_weddings_and_a_funeral,Romance
https://www.rottentomatoes.com/m/eternal_sunshine_of_the_spotless_mind,Romance
https://www.rottentomatoes.com/m/shakespeare_in_love,Romance
https://www.rottentomatoes.com/m/midnight_in_paris,Romance
https://www.rottentomatoes.com/m/the_town,Romance
https://www.rottentomatoes.com/m/before_sunset,Romance
https://www.rottentomatoes.com/m/masculine_feminine,Romance
https://www.rottentomatoes.com/m/dave,Romance
https://www.rottentomatoes.com/m/gloria_bell,Romance
https://www.rottentomatoes.com/m/up_in_the_air_2009,Romance
https://www.rottentomatoes.com/m/enchanted,Romance
https://www.rottentomatoes.com/m/gilda,Romance
https://www.rottentomatoes.com/m/summers_tale,Romance
https://www.rottentomatoes.com/m/crying_game,Romance
https://www.rottentomatoes.com/m/million_dollar_baby,Romance
https://www.rottentomatoes.com/m/big_night,Romance
https://www.rottentomatoes.com/m/howards_end,Romance
https://www.rottentomatoes.com/m/knocked_up,Romance
https://www.rottentomatoes.com/m/quiet_man,Romance
https://www.rottentomatoes.com/m/the_little_mermaid_1989,Romance
https://www.rottentomatoes.com/m/about_a_boy,Romance
https://www.rottentomatoes.com/m/to_all_the_boys_ive_loved_before,Romance
https://www.rottentomatoes.com/m/monsoon_wedding,Romance
https://www.rottentomatoes.com/m/revanche,Romance
https://www.rottentomatoes.com/m/remains_of_the_day,Romance
https://www.rottentomatoes.com/m/southside_with_you,Romance
https://www.rottentomatoes.com/m/1075422-hamlet,Romance
https://www.rottentomatoes.com/m/1083436-1083436-out_of_sight,Romance
https://www.rottentomatoes.com/m/moonstruck,Romance
https://www.rottentomatoes.com/m/black_panther_2018,ScienceFiction&Fantasy
https://www.rottentomatoes.com/m/avengers_endgame,ScienceFiction&Fantasy
https://www.rottentomatoes.com/m/toy_story_4,ScienceFiction&Fantasy
https://www.rottentomatoes.com/m/the_wizard_of_oz_1939,ScienceFiction&Fantasy
https://www.rottentomatoes.com/m/spider_man_into_the_spider_verse,ScienceFiction&Fantasy
https://www.rottentomatoes.com/m/mad_max_fury_road,ScienceFiction&Fantasy
https://www.rottentomatoes.com/m/wonder_woman_2017,ScienceFiction&Fantasy
https://www.rottentomatoes.com/m/1048445-snow_white_and_the_seven_dwarfs,ScienceFiction&Fantasy
https://www.rottentomatoes.com/m/thor_ragnarok_2017,ScienceFiction&Fantasy
https://www.rottentomatoes.com/m/the_shape_of_water_2017,ScienceFiction&Fantasy
https://www.rottentomatoes.com/m/arrival_2016,ScienceFiction&Fantasy
https://www.rottentomatoes.com/m/logan_2017,ScienceFiction&Fantasy
https://www.rottentomatoes.com/m/et_the_extraterrestrial,ScienceFiction&Fantasy
https://www.rottentomatoes.com/m/star_wars_the_last_jedi,ScienceFiction&Fantasy
https://www.rottentomatoes.com/m/star_wars_episode_vii_the_force_awakens,ScienceFiction&Fantasy
https://www.rottentomatoes.com/m/gravity_2013,ScienceFiction&Fantasy
https://www.rottentomatoes.com/m/nosferatu,ScienceFiction&Fantasy
https://www.rottentomatoes.com/m/spider_man_far_from_home,ScienceFiction&Fantasy
https://www.rottentomatoes.com/m/alien,ScienceFiction&Fantasy
https://www.rottentomatoes.com/m/war_for_the_planet_of_the_apes,ScienceFiction&Fantasy
https://www.rottentomatoes.com/m/spider_man_homecoming,ScienceFiction&Fantasy
https://www.rottentomatoes.com/m/1013775-metropolis,ScienceFiction&Fantasy
https://www.rottentomatoes.com/m/bride_of_frankenstein,ScienceFiction&Fantasy
https://www.rottentomatoes.com/m/shazam,ScienceFiction&Fantasy
https://www.rottentomatoes.com/m/captain_america_civil_war,ScienceFiction&Fantasy
https://www.rottentomatoes.com/m/pinocchio_1940,ScienceFiction&Fantasy
https://www.rottentomatoes.com/m/the_dark_knight,ScienceFiction&Fantasy
https://www.rottentomatoes.com/m/dr_strangelove,ScienceFiction&Fantasy
https://www.rottentomatoes.com/m/1007818-frankenstein,ScienceFiction&Fantasy
https://www.rottentomatoes.com/m/blade_runner_2049,ScienceFiction&Fantasy
https://www.rottentomatoes.com/m/harry_potter_and_the_deathly_hallows_part_2_2011,ScienceFiction&Fantasy
https://www.rottentomatoes.com/m/sorry_to_bother_you_2018,ScienceFiction&Fantasy
https://www.rottentomatoes.com/m/avengers_infinity_war,ScienceFiction&Fantasy
https://www.rottentomatoes.com/m/her,ScienceFiction&Fantasy
https://www.rottentomatoes.com/m/star_trek_11,ScienceFiction&Fantasy
https://www.rottentomatoes.com/m/the_martian,ScienceFiction&Fantasy
https://www.rottentomatoes.com/m/its_a_wonderful_life,ScienceFiction&Fantasy
https://www.rottentomatoes.com/m/ant_man_and_the_wasp,ScienceFiction&Fantasy
https://www.rottentomatoes.com/m/marvels_the_avengers,ScienceFiction&Fantasy
https://www.rottentomatoes.com/m/1010678-invasion_of_the_body_snatchers,ScienceFiction&Fantasy
https://www.rottentomatoes.com/m/star_wars,ScienceFiction&Fantasy
https://www.rottentomatoes.com/m/kubo_and_the_two_strings_2016,ScienceFiction&Fantasy
https://www.rottentomatoes.com/m/how_to_train_your_dragon,ScienceFiction&Fantasy
https://www.rottentomatoes.com/m/wall_e,ScienceFiction&Fantasy
https://www.rottentomatoes.com/m/terminator,ScienceFiction&Fantasy
https://www.rottentomatoes.com/m/iron_man,ScienceFiction&Fantasy
https://www.rottentomatoes.com/m/mary_poppins,ScienceFiction&Fantasy
https://www.rottentomatoes.com/m/dumbo,ScienceFiction&Fantasy
https://www.rottentomatoes.com/m/discreet_charm_of_the_bourgeoisie,ScienceFiction&Fantasy
https://www.rottentomatoes.com/m/1001902-beauty_and_the_beast,ScienceFiction&Fantasy
https://www.rottentomatoes.com/m/2001_a_space_odyssey,ScienceFiction&Fantasy
https://www.rottentomatoes.com/m/guardians_of_the_galaxy,ScienceFiction&Fantasy
https://www.rottentomatoes.com/m/1000617-aliens,ScienceFiction&Fantasy
https://www.rottentomatoes.com/m/miracle_on_34th_street,ScienceFiction&Fantasy
https://www.rottentomatoes.com/m/snowpiercer,ScienceFiction&Fantasy
https://www.rottentomatoes.com/m/live_die_repeat_edge_of_tomorrow,ScienceFiction&Fantasy
https://www.rottentomatoes.com/m/doctor_strange_2016,ScienceFiction&Fantasy
https://www.rottentomatoes.com/m/1005371-day_the_earth_stood_still,ScienceFiction&Fantasy
https://www.rottentomatoes.com/m/empire_strikes_back,ScienceFiction&Fantasy
https://www.rottentomatoes.com/m/8-12,ScienceFiction&Fantasy
https://www.rottentomatoes.com/m/x_men_days_of_future_past,ScienceFiction&Fantasy
https://www.rottentomatoes.com/m/princess_bride,ScienceFiction&Fantasy
https://www.rottentomatoes.com/m/pans_labyrinth,ScienceFiction&Fantasy
https://www.rottentomatoes.com/m/beauty_and_the_beast_1991,ScienceFiction&Fantasy
https://www.rottentomatoes.com/m/1043378-stalker,ScienceFiction&Fantasy
https://www.rottentomatoes.com/m/beatles_the_yellow_submarine,ScienceFiction&Fantasy
https://www.rottentomatoes.com/m/looper,ScienceFiction&Fantasy
https://www.rottentomatoes.com/m/guardians_of_the_galaxy_vol_2,ScienceFiction&Fantasy
https://www.rottentomatoes.com/m/captain_marvel,ScienceFiction&Fantasy
https://www.rottentomatoes.com/m/ghostbusters,ScienceFiction&Fantasy
https://www.rottentomatoes.com/m/nightmare_before_christmas,ScienceFiction&Fantasy
https://www.rottentomatoes.com/m/dawn_of_the_planet_of_the_apes,ScienceFiction&Fantasy
https://www.rottentomatoes.com/m/fantasia,ScienceFiction&Fantasy
https://www.rottentomatoes.com/m/monsters_inc,ScienceFiction&Fantasy
https://www.rottentomatoes.com/m/ex_machina,ScienceFiction&Fantasy
https://www.rottentomatoes.com/m/big,ScienceFiction&Fantasy
https://www.rottentomatoes.com/m/the_lord_of_the_rings_the_two_towers,ScienceFiction&Fantasy
https://www.rottentomatoes.com/m/back_to_the_future,ScienceFiction&Fantasy
https://www.rottentomatoes.com/m/groundhog_day,ScienceFiction&Fantasy
https://www.rottentomatoes.com/m/iron_giant,ScienceFiction&Fantasy
https://www.rottentomatoes.com/m/10_cloverfield_lane,ScienceFiction&Fantasy
https://www.rottentomatoes.com/m/spirited_away,ScienceFiction&Fantasy
https://www.rottentomatoes.com/m/wings_of_desire,ScienceFiction&Fantasy
https://www.rottentomatoes.com/m/song_of_the_sea_2014,ScienceFiction&Fantasy
https://www.rottentomatoes.com/m/captain_america_the_winter_soldier_2014,ScienceFiction&Fantasy
https://www.rottentomatoes.com/m/forbidden_planet,ScienceFiction&Fantasy
https://www.rottentomatoes.com/m/border_2018,ScienceFiction&Fantasy
https://www.rottentomatoes.com/m/godzilla_1956,ScienceFiction&Fantasy
https://www.rottentomatoes.com/m/jurassic_park,ScienceFiction&Fantasy
https://www.rottentomatoes.com/m/blade_runner,ScienceFiction&Fantasy
https://www.rottentomatoes.com/m/annihilation,ScienceFiction&Fantasy
https://www.rottentomatoes.com/m/solaris_1976,ScienceFiction&Fantasy
https://www.rottentomatoes.com/m/the_hunger_games_catching_fire,ScienceFiction&Fantasy
https://www.rottentomatoes.com/m/young_frankenstein,ScienceFiction&Fantasy
https://www.rottentomatoes.com/m/1065598-babe,ScienceFiction&Fantasy
https://www.rottentomatoes.com/m/repo_man,ScienceFiction&Fantasy
https://www.rottentomatoes.com/m/bumblebee,ScienceFiction&Fantasy
https://www.rottentomatoes.com/m/1003033-brazil,ScienceFiction&Fantasy
https://www.rottentomatoes.com/m/jodorowskys_dune,ScienceFiction&Fantasy
https://www.rottentomatoes.com/m/the_lord_of_the_rings_the_return_of_the_king,ScienceFiction&Fantasy
https://www.rottentomatoes.com/m/bride_of_frankenstein,SpecialInterest
https://www.rottentomatoes.com/m/1007818-frankenstein,SpecialInterest
https://www.rottentomatoes.com/m/her,SpecialInterest
https://www.rottentomatoes.com/m/man_on_wire,SpecialInterest
https://www.rottentomatoes.com/m/life_itself,SpecialInterest
https://www.rottentomatoes.com/m/discreet_charm_of_the_bourgeoisie,SpecialInterest
https://www.rottentomatoes.com/m/miracle_on_34th_street,SpecialInterest
https://www.rottentomatoes.com/m/amy_2015,SpecialInterest
https://www.rottentomatoes.com/m/blackfish_2013,SpecialInterest
https://www.rottentomatoes.com/m/taxi_to_the_dark_side,SpecialInterest
https://www.rottentomatoes.com/m/murderball,SpecialInterest
https://www.rottentomatoes.com/m/groundhog_day,SpecialInterest
https://www.rottentomatoes.com/m/inside_job_2010,SpecialInterest
https://www.rottentomatoes.com/m/the_square_2013,SpecialInterest
https://www.rottentomatoes.com/m/jiro_dreams_of_sushi,SpecialInterest
https://www.rottentomatoes.com/m/paris_is_burning,SpecialInterest
https://www.rottentomatoes.com/m/hoop_dreams,SpecialInterest
https://www.rottentomatoes.com/m/waltz_with_bashir,SpecialInterest
https://www.rottentomatoes.com/m/the_interrupters_2011,SpecialInterest
https://www.rottentomatoes.com/m/afghan_star,SpecialInterest
https://www.rottentomatoes.com/m/jodorowskys_dune,SpecialInterest
https://www.rottentomatoes.com/m/mr_death_the_rise_and_fall_of_fred_a_leuchter_jr,SpecialInterest
https://www.rottentomatoes.com/m/capturing_the_friedmans,SpecialInterest
https://www.rottentomatoes.com/m/the_invisible_war,SpecialInterest
https://www.rottentomatoes.com/m/elaine_stritch_shoot_me_2013,SpecialInterest
https://www.rottentomatoes.com/m/56_up,SpecialInterest
https://www.rottentomatoes.com/m/last_train_home-2009,SpecialInterest
https://www.rottentomatoes.com/m/the_act_of_killing,SpecialInterest
https://www.rottentomatoes.com/m/1122382-spellbound,SpecialInterest
https://www.rottentomatoes.com/m/enron_the_smartest_guys_in_the_room,SpecialInterest
https://www.rottentomatoes.com/m/ai_weiwei_never_sorry_2012,SpecialInterest
https://www.rottentomatoes.com/m/how_to_survive_a_plague,SpecialInterest
https://www.rottentomatoes.com/m/this_is_not_a_film_2011,SpecialInterest
https://www.rottentomatoes.com/m/king_of_kong,SpecialInterest
https://www.rottentomatoes.com/m/the_fog_of_war_eleven_lessons_from_the_life_of_robert_s_mcnamara,SpecialInterest
https://www.rottentomatoes.com/m/bowling_for_columbine,SpecialInterest
https://www.rottentomatoes.com/m/cave_of_forgotten_dreams,SpecialInterest
https://www.rottentomatoes.com/m/love_is_strange_2014,SpecialInterest
https://www.rottentomatoes.com/m/muscle_shoals_2013,SpecialInterest
https://www.rottentomatoes.com/m/war_tapes,SpecialInterest
https://www.rottentomatoes.com/m/pandoras_box,SpecialInterest
https://www.rottentomatoes.com/m/sicko,SpecialInterest
https://www.rottentomatoes.com/m/last_year_at_marienbad,SpecialInterest
https://www.rottentomatoes.com/m/the_overnighters,SpecialInterest
https://www.rottentomatoes.com/m/call_me_kuchu_2011,SpecialInterest
https://www.rottentomatoes.com/m/gilda,SpecialInterest
https://www.rottentomatoes.com/m/undefeated_2012,SpecialInterest
https://www.rottentomatoes.com/m/mea_maxima_culpa_silence_in_the_house_of_god,SpecialInterest
https://www.rottentomatoes.com/m/restrepo,SpecialInterest
https://www.rottentomatoes.com/m/blindsight,SpecialInterest
https://www.rottentomatoes.com/m/for_the_bible_tells_me_so,SpecialInterest
https://www.rottentomatoes.com/m/let_the_fire_burn_2013,SpecialInterest
https://www.rottentomatoes.com/m/holy_motors,SpecialInterest
https://www.rottentomatoes.com/m/exit_through_the_gift_shop,SpecialInterest
https://www.rottentomatoes.com/m/the_queen_of_versailles,SpecialInterest
https://www.rottentomatoes.com/m/the_imposter_2012,SpecialInterest
https://www.rottentomatoes.com/m/surfwise,SpecialInterest
https://www.rottentomatoes.com/m/the_life_and_times_of_hank_greenberg,SpecialInterest
https://www.rottentomatoes.com/m/no_end_in_sight,SpecialInterest
https://www.rottentomatoes.com/m/marley,SpecialInterest
https://www.rottentomatoes.com/m/burma-vj,SpecialInterest
https://www.rottentomatoes.com/m/bus_174,SpecialInterest
https://www.rottentomatoes.com/m/49_up,SpecialInterest
https://www.rottentomatoes.com/m/winged_migration,SpecialInterest
https://www.rottentomatoes.com/m/inconvenient_truth,SpecialInterest
https://www.rottentomatoes.com/m/finding_vivian_maier,SpecialInterest
https://www.rottentomatoes.com/m/sweetgrass,SpecialInterest
https://www.rottentomatoes.com/m/film_unfinished,SpecialInterest
https://www.rottentomatoes.com/m/bigger_stronger_faster_asterisk,SpecialInterest
https://www.rottentomatoes.com/m/trouble_the_water,SpecialInterest
https://www.rottentomatoes.com/m/food_inc,SpecialInterest
https://www.rottentomatoes.com/m/to_be_and_to_have,SpecialInterest
https://www.rottentomatoes.com/m/chasing_ice_2012,SpecialInterest
https://www.rottentomatoes.com/m/the_salt_of_the_earth,SpecialInterest
https://www.rottentomatoes.com/m/wild_parrots_of_telegraph_hill,SpecialInterest
https://www.rottentomatoes.com/m/shaun_of_the_dead,SpecialInterest
https://www.rottentomatoes.com/m/20000_days_on_earth,SpecialInterest
https://www.rottentomatoes.com/m/wordplay,SpecialInterest
https://www.rottentomatoes.com/m/the_gatekeepers_2012,SpecialInterest
https://www.rottentomatoes.com/m/control_room,SpecialInterest
https://www.rottentomatoes.com/m/touching_the_void,SpecialInterest
https://www.rottentomatoes.com/m/born_into_brothels,SpecialInterest
https://www.rottentomatoes.com/m/1195800-my_winnipeg,SpecialInterest
https://www.rottentomatoes.com/m/crumb,SpecialInterest
https://www.rottentomatoes.com/m/i_am_divine,SpecialInterest
https://www.rottentomatoes.com/m/manakamana,SpecialInterest
https://www.rottentomatoes.com/m/brooklyn_castle_2012,SpecialInterest
https://www.rottentomatoes.com/m/cutie_and_the_boxer,SpecialInterest
https://www.rottentomatoes.com/m/10008507-deep_water,SpecialInterest
https://www.rottentomatoes.com/m/the_last_of_the_unjust,SpecialInterest
https://www.rottentomatoes.com/m/devil_came_on_horseback,SpecialInterest
https://www.rottentomatoes.com/m/good_hair,SpecialInterest
https://www.rottentomatoes.com/m/up_the_yangtze,SpecialInterest
https://www.rottentomatoes.com/m/5_broken_cameras_2012,SpecialInterest
https://www.rottentomatoes.com/m/national_gallery,SpecialInterest
https://www.rottentomatoes.com/m/plagues_and_pleasures_on_the_salton_sea,SpecialInterest
https://www.rottentomatoes.com/m/last_days_in_vietnam,SpecialInterest
https://www.rottentomatoes.com/m/the_arbor_2010,SpecialInterest
https://www.rottentomatoes.com/m/super_size_me,SpecialInterest
https://www.rottentomatoes.com/m/promises,SpecialInterest
